-0.491667,-0.491667,1
-0.483333,-0.483333,1
-0.475,-0.475,1
-0.466667,-0.466667,1
-0.458333,-0.458333,1
-0.45,-0.45,1
-0.441667,-0.441667,1
-0.433333,-0.433333,1
-0.425,-0.425,1
-0.416667,-0.416667,1
-0.416667,-0.416667,1
-0.416667,-0.416667,1
-0.416667,-0.416667,1
-0.416667,-0.416667,1
-0.416042,-0.416667,1
-0.415,-0.416667,1
-0.413542,-0.416667,1
-0.411667,-0.416667,1
-0.409375,-0.416667,1
-0.406667,-0.416667,1
-0.403542,-0.416667,1
-0.4,-0.416667,1
-0.396042,-0.416667,1
-0.391667,-0.416667,1
-0.386875,-0.416667,1
-0.381667,-0.416667,1
-0.376042,-0.416667,1
-0.37,-0.416667,1
-0.363542,-0.416667,1
-0.356667,-0.416667,1
-0.349375,-0.416667,1
-0.341667,-0.416667,1
-0.333542,-0.416667,1
-0.325,-0.416667,1
-0.316875,-0.416667,1
-0.309167,-0.416667,1
-0.301875,-0.416667,1
-0.295,-0.416667,1
-0.288542,-0.416667,1
-0.2825,-0.416667,1
-0.276875,-0.416667,1
-0.271667,-0.416667,1
-0.266875,-0.416667,1
-0.2625,-0.416667,1
-0.258542,-0.416667,1
-0.255,-0.416667,1
-0.251875,-0.416667,1
-0.249167,-0.416667,1
-0.246875,-0.416667,1
-0.245,-0.416667,1
-0.243542,-0.416667,1
-0.2425,-0.416667,1
-0.241875,-0.416667,1
-0.241667,-0.416667,1
-0.25,-0.416667,1
-0.25,-0.416667,1
-0.25,-0.416667,1
-0.25,-0.416667,1
-0.25,-0.416667,1
-0.25,-0.416667,1
-0.25,-0.416667,1
-0.25,-0.416667,1
-0.25,-0.416042,1
-0.25,-0.415,1
-0.25,-0.413542,1
-0.25,-0.411667,1
-0.25,-0.409375,1
-0.25,-0.406667,1
-0.25,-0.403542,1
-0.25,-0.4,1
-0.25,-0.396042,1
-0.25,-0.391667,1
-0.25,-0.386875,1
-0.25,-0.381667,1
-0.25,-0.376042,1
-0.25,-0.37,1
-0.25,-0.363542,1
-0.25,-0.356667,1
-0.25,-0.349375,1
-0.25,-0.341667,1
-0.25,-0.333542,1
-0.25,-0.325,1
-0.25,-0.316875,1
-0.25,-0.309167,1
-0.25,-0.301875,1
-0.25,-0.295,1
-0.25,-0.288542,1
-0.25,-0.2825,1
-0.25,-0.276875,1
-0.25,-0.271667,1
-0.25,-0.266875,1
-0.25,-0.2625,1
-0.25,-0.258542,1
-0.25,-0.255,1
-0.25,-0.251875,1
-0.25,-0.249167,1
-0.25,-0.246875,1
-0.25,-0.245,1
-0.25,-0.243542,1
-0.25,-0.2425,1
-0.25,-0.241875,1
-0.25,-0.241667,1
-0.25,-0.25,1
-0.25,-0.25,1
-0.25,-0.25,1
-0.25,-0.25,1
-0.25,-0.25,1
-0.25,-0.25,1
-0.25,-0.25,1
-0.25,-0.25,1
-0.250625,-0.25,1
-0.251667,-0.25,1
-0.253125,-0.25,1
-0.255,-0.25,1
-0.257292,-0.25,1
-0.26,-0.25,1
-0.263125,-0.25,1
-0.266667,-0.25,1
-0.270625,-0.25,1
-0.275,-0.25,1
-0.279792,-0.25,1
-0.285,-0.25,1
-0.290625,-0.25,1
-0.296667,-0.25,1
-0.303125,-0.25,1
-0.31,-0.25,1
-0.317292,-0.25,1
-0.325,-0.25,1
-0.333125,-0.25,1
-0.341667,-0.25,1
-0.350625,-0.25,1
-0.36,-0.25,1
-0.369792,-0.25,1
-0.38,-0.25,1
-0.390625,-0.25,1
-0.401667,-0.25,1
-0.413125,-0.25,1
-0.425,-0.25,1
-0.437292,-0.25,1
-0.45,-0.25,1
-0.463125,-0.25,1
-0.476667,-0.25,1
-0.490625,-0.25,1
-0.505,-0.25,1
-0.519792,-0.25,1
-0.535,-0.25,1
-0.550625,-0.25,1
-0.566667,-0.25,1
-0.583125,-0.25,1
-0.6,-0.25,1
-0.617292,-0.25,1
-0.635,-0.25,1
-0.653125,-0.25,1
-0.671667,-0.25,1
-0.690625,-0.25,1
-0.71,-0.25,1
-0.729792,-0.25,1
-0.75,-0.25,1
-0.770625,-0.25,1
-0.791667,-0.25,1
-0.813125,-0.25,1
-0.835,-0.25,1
-0.857292,-0.25,1
-0.88,-0.25,1
-0.903125,-0.25,1
-0.926667,-0.25,1
-0.950625,-0.25,1
-0.975,-0.25,1
-0.985,-0.25,1
-0.995,-0.25,1
-1.005,-0.25,1
-1.015,-0.25,1
-1.025,-0.25,1
-1.035,-0.25,1
-1.05896,-0.25,1
-1.0825,-0.25,1
-1.10563,-0.25,1
-1.12833,-0.25,1
-1.15063,-0.25,1
-1.1725,-0.25,1
-1.19396,-0.25,1
-1.215,-0.25,1
-1.23563,-0.25,1
-1.25583,-0.25,1
-1.27563,-0.25,1
-1.295,-0.25,1
-1.31396,-0.25,1
-1.3325,-0.25,1
-1.35063,-0.25,1
-1.36833,-0.25,1
-1.38563,-0.25,1
-1.4025,-0.25,1
-1.41896,-0.25,1
-1.435,-0.25,1
-1.45063,-0.25,1
-1.46583,-0.25,1
-1.48063,-0.25,1
-1.495,-0.25,1
-1.50896,-0.25,1
-1.5225,-0.25,1
-1.53563,-0.25,1
-1.54833,-0.25,1
-1.56063,-0.25,1
-1.5725,-0.25,1
-1.58396,-0.25,1
-1.595,-0.25,1
-1.60563,-0.25,1
-1.61583,-0.25,1
-1.62563,-0.25,1
-1.635,-0.25,1
-1.64396,-0.25,1
-1.6525,-0.25,1
-1.66063,-0.25,1
-1.66833,-0.25,1
-1.67563,-0.25,1
-1.6825,-0.25,1
-1.68896,-0.25,1
-1.695,-0.25,1
-1.70063,-0.25,1
-1.70583,-0.25,1
-1.71063,-0.25,1
-1.715,-0.25,1
-1.71896,-0.25,1
-1.7225,-0.25,1
-1.72563,-0.25,1
-1.72833,-0.25,1
-1.73063,-0.25,1
-1.7325,-0.25,1
-1.73396,-0.25,1
-1.735,-0.25,1
-1.73563,-0.25,1
-1.73583,-0.25,1
-1.73563,-0.25,1
-1.75,-0.25,1
-1.75,-0.25,1
-1.75,-0.25,1
-1.75,-0.25,1
-1.75,-0.25,1
-1.75,-0.25,1
-1.75,-0.25,1
-1.75,-0.25,1
-1.75,-0.250625,1
-1.75,-0.251667,1
-1.75,-0.253125,1
-1.75,-0.255,1
-1.75,-0.257292,1
-1.75,-0.26,1
-1.75,-0.263125,1
-1.75,-0.266667,1
-1.75,-0.270625,1
-1.75,-0.275,1
-1.75,-0.279792,1
-1.75,-0.285,1
-1.75,-0.290625,1
-1.75,-0.296667,1
-1.75,-0.303125,1
-1.75,-0.31,1
-1.75,-0.317292,1
-1.75,-0.325,1
-1.75,-0.333125,1
-1.75,-0.341667,1
-1.75,-0.349792,1
-1.75,-0.3575,1
-1.75,-0.364792,1
-1.75,-0.371667,1
-1.75,-0.378125,1
-1.75,-0.384167,1
-1.75,-0.389792,1
-1.75,-0.395,1
-1.75,-0.399792,1
-1.75,-0.404167,1
-1.75,-0.408125,1
-1.75,-0.411667,1
-1.75,-0.414792,1
-1.75,-0.4175,1
-1.75,-0.419792,1
-1.75,-0.421667,1
-1.75,-0.423125,1
-1.75,-0.424167,1
-1.75,-0.424792,1
-1.75,-0.425,1
-1.75,-0.416667,1
-1.75,-0.416667,1
-1.75,-0.416667,1
-1.75,-0.416667,1
-1.75,-0.416667,1
-1.75,-0.416667,1
-1.75,-0.416667,1
-1.75,-0.416667,1
-1.74937,-0.416667,1
-1.74833,-0.416667,1
-1.74687,-0.416667,1
-1.745,-0.416667,1
-1.74271,-0.416667,1
-1.74,-0.416667,1
-1.73687,-0.416667,1
-1.73333,-0.416667,1
-1.72938,-0.416667,1
-1.725,-0.416667,1
-1.72021,-0.416667,1
-1.715,-0.416667,1
-1.70938,-0.416667,1
-1.70333,-0.416667,1
-1.69687,-0.416667,1
-1.69,-0.416667,1
-1.68271,-0.416667,1
-1.675,-0.416667,1
-1.66688,-0.416667,1
-1.65833,-0.416667,1
-1.64938,-0.416667,1
-1.64,-0.416667,1
-1.63021,-0.416667,1
-1.62,-0.416667,1
-1.60938,-0.416667,1
-1.59833,-0.416667,1
-1.58687,-0.416667,1
-1.575,-0.416667,1
-1.56271,-0.416667,1
-1.55,-0.416667,1
-1.53687,-0.416667,1
-1.52333,-0.416667,1
-1.50937,-0.416667,1
-1.495,-0.416667,1
-1.48021,-0.416667,1
-1.465,-0.416667,1
-1.44937,-0.416667,1
-1.43333,-0.416667,1
-1.41687,-0.416667,1
-1.4,-0.416667,1
-1.38271,-0.416667,1
-1.365,-0.416667,1
-1.34687,-0.416667,1
-1.32833,-0.416667,1
-1.30937,-0.416667,1
-1.29,-0.416667,1
-1.27021,-0.416667,1
-1.25,-0.416667,1
-1.23021,-0.416667,1
-1.21083,-0.416667,1
-1.19187,-0.416667,1
-1.17333,-0.416667,1
-1.15521,-0.416667,1
-1.1375,-0.416667,1
-1.12021,-0.416667,1
-1.10333,-0.416667,1
-1.08687,-0.416667,1
-1.07083,-0.416667,1
-1.05521,-0.416667,1
-1.04,-0.416667,1
-1.02521,-0.416667,1
-1.01083,-0.416667,1
-0.996875,-0.416667,1
-0.983333,-0.416667,1
-0.970208,-0.416667,1
-0.9575,-0.416667,1
-0.945208,-0.416667,1
-0.933333,-0.416667,1
-0.921875,-0.416667,1
-0.910833,-0.416667,1
-0.900208,-0.416667,1
-0.89,-0.416667,1
-0.880208,-0.416667,1
-0.870833,-0.416667,1
-0.861875,-0.416667,1
-0.853333,-0.416667,1
-0.845208,-0.416667,1
-0.8375,-0.416667,1
-0.830208,-0.416667,1
-0.823333,-0.416667,1
-0.816875,-0.416667,1
-0.810833,-0.416667,1
-0.805208,-0.416667,1
-0.8,-0.416667,1
-0.795208,-0.416667,1
-0.790833,-0.416667,1
-0.786875,-0.416667,1
-0.783333,-0.416667,1
-0.780208,-0.416667,1
-0.7775,-0.416667,1
-0.775208,-0.416667,1
-0.773333,-0.416667,1
-0.771875,-0.416667,1
-0.770833,-0.416667,1
-0.770208,-0.416667,1
-0.77,-0.416667,1
-0.770208,-0.416667,1
-0.75,-0.416667,1
-0.75,-0.416667,1
-0.75,-0.416667,1
-0.75,-0.416667,1
-0.75,-0.416667,1
-0.75,-0.416667,1
-0.75,-0.416667,1
-0.75,-0.416667,1
-0.75,-0.417292,1
-0.75,-0.418333,1
-0.75,-0.419792,1
-0.75,-0.421667,1
-0.75,-0.423958,1
-0.75,-0.426667,1
-0.75,-0.429792,1
-0.75,-0.433333,1
-0.75,-0.437292,1
-0.75,-0.441667,1
-0.75,-0.446458,1
-0.75,-0.451667,1
-0.75,-0.457292,1
-0.75,-0.463333,1
-0.75,-0.469792,1
-0.75,-0.476667,1
-0.75,-0.483958,1
-0.75,-0.491667,1
-0.75,-0.499792,1
-0.75,-0.508333,1
-0.75,-0.517292,1
-0.75,-0.526667,1
-0.75,-0.536458,1
-0.75,-0.546667,1
-0.75,-0.557292,1
-0.75,-0.568333,1
-0.75,-0.579792,1
-0.75,-0.591667,1
-0.75,-0.603125,1
-0.75,-0.614167,1
-0.75,-0.624792,1
-0.75,-0.635,1
-0.75,-0.644792,1
-0.75,-0.654167,1
-0.75,-0.663125,1
-0.75,-0.671667,1
-0.75,-0.679792,1
-0.75,-0.6875,1
-0.75,-0.694792,1
-0.75,-0.701667,1
-0.75,-0.708125,1
-0.75,-0.714167,1
-0.75,-0.719792,1
-0.75,-0.725,1
-0.75,-0.729792,1
-0.75,-0.734167,1
-0.75,-0.738125,1
-0.75,-0.741667,1
-0.75,-0.744792,1
-0.75,-0.7475,1
-0.75,-0.749792,1
-0.75,-0.751667,1
-0.75,-0.753125,1
-0.75,-0.754167,1
-0.75,-0.754792,1
-0.75,-0.755,1
-0.75,-0.75,1
-0.75,-0.75,1
-0.75,-0.75,1
-0.75,-0.75,1
-0.75,-0.75,1
-0.75,-0.75,1
-0.75,-0.75,1
-0.75,-0.75,1
-0.749375,-0.75,1
-0.748333,-0.75,1
-0.746875,-0.75,1
-0.745,-0.75,1
-0.742708,-0.75,1
-0.74,-0.75,1
-0.736875,-0.75,1
-0.733333,-0.75,1
-0.729375,-0.75,1
-0.725,-0.75,1
-0.720208,-0.75,1
-0.715,-0.75,1
-0.709375,-0.75,1
-0.703333,-0.75,1
-0.696875,-0.75,1
-0.69,-0.75,1
-0.682708,-0.75,1
-0.675,-0.75,1
-0.666875,-0.75,1
-0.658333,-0.75,1
-0.649375,-0.75,1
-0.64,-0.75,1
-0.630208,-0.75,1
-0.62,-0.75,1
-0.609375,-0.75,1
-0.598333,-0.75,1
-0.586875,-0.75,1
-0.575,-0.75,1
-0.562708,-0.75,1
-0.55,-0.75,1
-0.536875,-0.75,1
-0.523333,-0.75,1
-0.509375,-0.75,1
-0.495,-0.75,1
-0.480208,-0.75,1
-0.465,-0.75,1
-0.449375,-0.75,1
-0.433333,-0.75,1
-0.416875,-0.75,1
-0.4,-0.75,1
-0.383542,-0.75,1
-0.3675,-0.75,1
-0.351875,-0.75,1
-0.336667,-0.75,1
-0.321875,-0.75,1
-0.3075,-0.75,1
-0.293542,-0.75,1
-0.28,-0.75,1
-0.266875,-0.75,1
-0.254167,-0.75,1
-0.241875,-0.75,1
-0.23,-0.75,1
-0.218542,-0.75,1
-0.2075,-0.75,1
-0.196875,-0.75,1
-0.186667,-0.75,1
-0.176875,-0.75,1
-0.1675,-0.75,1
-0.158542,-0.75,1
-0.15,-0.75,1
-0.141875,-0.75,1
-0.134167,-0.75,1
-0.126875,-0.75,1
-0.12,-0.75,1
-0.113542,-0.75,1
-0.1075,-0.75,1
-0.101875,-0.75,1
-0.0966667,-0.75,1
-0.091875,-0.75,1
-0.0875,-0.75,1
-0.0835417,-0.75,1
-0.08,-0.75,1
-0.076875,-0.75,1
-0.0741667,-0.75,1
-0.071875,-0.75,1
-0.07,-0.75,1
-0.0685417,-0.75,1
-0.0675,-0.75,1
-0.066875,-0.75,1
-0.0666667,-0.75,1
-0.0833333,-0.75,1
-0.0833333,-0.75,1
-0.0833333,-0.75,1
-0.0833333,-0.75,1
-0.0833333,-0.75,1
-0.0833333,-0.75,1
-0.0833333,-0.75,1
-0.0833333,-0.75,1
-0.0833333,-0.750625,1
-0.0833333,-0.751667,1
-0.0833333,-0.753125,1
-0.0833333,-0.755,1
-0.0833333,-0.757292,1
-0.0833333,-0.76,1
-0.0833333,-0.763125,1
-0.0833333,-0.766667,1
-0.0833333,-0.770625,1
-0.0833333,-0.775,1
-0.0833333,-0.779792,1
-0.0833333,-0.785,1
-0.0833333,-0.790625,1
-0.0833333,-0.796667,1
-0.0833333,-0.803125,1
-0.0833333,-0.81,1
-0.0833333,-0.817292,1
-0.0833333,-0.825,1
-0.0833333,-0.833125,1
-0.0833333,-0.841667,1
-0.0833333,-0.850625,1
-0.0833333,-0.86,1
-0.0833333,-0.869792,1
-0.0833333,-0.88,1
-0.0833333,-0.890625,1
-0.0833333,-0.901667,1
-0.0833333,-0.913125,1
-0.0833333,-0.925,1
-0.0833333,-0.937292,1
-0.0833333,-0.95,1
-0.0833333,-0.963125,1
-0.0833333,-0.976667,1
-0.0833333,-0.990625,1
-0.0833333,-1.005,1
-0.0833333,-1.01896,1
-0.0833333,-1.0325,1
-0.0833333,-1.04563,1
-0.0833333,-1.05833,1
-0.0833333,-1.07063,1
-0.0833333,-1.0825,1
-0.0833333,-1.09396,1
-0.0833333,-1.105,1
-0.0833333,-1.11563,1
-0.0833333,-1.12583,1
-0.0833333,-1.13563,1
-0.0833333,-1.145,1
-0.0833333,-1.15396,1
-0.0833333,-1.1625,1
-0.0833333,-1.17063,1
-0.0833333,-1.17833,1
-0.0833333,-1.18563,1
-0.0833333,-1.1925,1
-0.0833333,-1.19896,1
-0.0833333,-1.205,1
-0.0833333,-1.21063,1
-0.0833333,-1.21583,1
-0.0833333,-1.22063,1
-0.0833333,-1.225,1
-0.0833333,-1.22896,1
-0.0833333,-1.2325,1
-0.0833333,-1.23563,1
-0.0833333,-1.23833,1
-0.0833333,-1.24063,1
-0.0833333,-1.2425,1
-0.0833333,-1.24396,1
-0.0833333,-1.245,1
-0.0833333,-1.24563,1
-0.0833333,-1.24583,1
-0.0833333,-1.24563,1
-0.0833333,-1.25,1
-0.0833333,-1.25,1
-0.0833333,-1.25,1
-0.0833333,-1.25,1
-0.0833333,-1.25,1
-0.0833333,-1.25,1
-0.0833333,-1.25,1
-0.0833333,-1.25,1
-0.0839583,-1.25,1
-0.085,-1.25,1
-0.0864583,-1.25,1
-0.0883333,-1.25,1
-0.090625,-1.25,1
-0.0933333,-1.25,1
-0.0964583,-1.25,1
-0.1,-1.25,1
-0.103958,-1.25,1
-0.108333,-1.25,1
-0.113125,-1.25,1
-0.118333,-1.25,1
-0.123958,-1.25,1
-0.13,-1.25,1
-0.136458,-1.25,1
-0.143333,-1.25,1
-0.150625,-1.25,1
-0.158333,-1.25,1
-0.166458,-1.25,1
-0.175,-1.25,1
-0.183958,-1.25,1
-0.193333,-1.25,1
-0.203125,-1.25,1
-0.213333,-1.25,1
-0.223958,-1.25,1
-0.235,-1.25,1
-0.246458,-1.25,1
-0.258333,-1.25,1
-0.270625,-1.25,1
-0.283333,-1.25,1
-0.296458,-1.25,1
-0.31,-1.25,1
-0.323958,-1.25,1
-0.338333,-1.25,1
-0.353125,-1.25,1
-0.368333,-1.25,1
-0.383958,-1.25,1
-0.4,-1.25,1
-0.416458,-1.25,1
-0.433333,-1.25,1
-0.450625,-1.25,1
-0.468333,-1.25,1
-0.486458,-1.25,1
-0.505,-1.25,1
-0.523958,-1.25,1
-0.543333,-1.25,1
-0.563125,-1.25,1
-0.583333,-1.25,1
-0.603958,-1.25,1
-0.625,-1.25,1
-0.646458,-1.25,1
-0.668333,-1.25,1
-0.689792,-1.25,1
-0.710833,-1.25,1
-0.731458,-1.25,1
-0.751667,-1.25,1
-0.771458,-1.25,1
-0.790833,-1.25,1
-0.809792,-1.25,1
-0.828333,-1.25,1
-0.846458,-1.25,1
-0.864167,-1.25,1
-0.881458,-1.25,1
-0.898333,-1.25,1
-0.914792,-1.25,1
-0.930833,-1.25,1
-0.946458,-1.25,1
-0.961667,-1.25,1
-0.976458,-1.25,1
-0.990833,-1.25,1
-1.00479,-1.25,1
-1.01833,-1.25,1
-1.03146,-1.25,1
-1.04417,-1.25,1
-1.05646,-1.25,1
-1.06833,-1.25,1
-1.07979,-1.25,1
-1.09083,-1.25,1
-1.10146,-1.25,1
-1.11167,-1.25,1
-1.12146,-1.25,1
-1.13083,-1.25,1
-1.13979,-1.25,1
-1.14833,-1.25,1
-1.15646,-1.25,1
-1.16417,-1.25,1
-1.17146,-1.25,1
-1.17833,-1.25,1
-1.18479,-1.25,1
-1.19083,-1.25,1
-1.19646,-1.25,1
-1.20167,-1.25,1
-1.20646,-1.25,1
-1.21083,-1.25,1
-1.21479,-1.25,1
-1.21833,-1.25,1
-1.22146,-1.25,1
-1.22417,-1.25,1
-1.22646,-1.25,1
-1.22833,-1.25,1
-1.22979,-1.25,1
-1.23083,-1.25,1
-1.23146,-1.25,1
-1.23167,-1.25,1
-1.23146,-1.25,1
-1.25,-1.25,1
-1.25,-1.25,1
-1.25,-1.25,1
-1.25,-1.25,1
-1.25,-1.25,1
-1.25,-1.25,1
-1.25,-1.25,1
-1.25,-1.25,1
-1.25,-1.24937,1
-1.25,-1.24833,1
-1.25,-1.24687,1
-1.25,-1.245,1
-1.25,-1.24271,1
-1.25,-1.24,1
-1.25,-1.23687,1
-1.25,-1.23333,1
-1.25,-1.22938,1
-1.25,-1.225,1
-1.25,-1.22021,1
-1.25,-1.215,1
-1.25,-1.20938,1
-1.25,-1.20333,1
-1.25,-1.19687,1
-1.25,-1.19,1
-1.25,-1.18271,1
-1.25,-1.175,1
-1.25,-1.16688,1
-1.25,-1.15833,1
-1.25,-1.14938,1
-1.25,-1.14,1
-1.25,-1.13021,1
-1.25,-1.12,1
-1.25,-1.10938,1
-1.25,-1.09833,1
-1.25,-1.08687,1
-1.25,-1.075,1
-1.25,-1.06354,1
-1.25,-1.0525,1
-1.25,-1.04187,1
-1.25,-1.03167,1
-1.25,-1.02187,1
-1.25,-1.0125,1
-1.25,-1.00354,1
-1.25,-0.995,1
-1.25,-0.986875,1
-1.25,-0.979167,1
-1.25,-0.971875,1
-1.25,-0.965,1
-1.25,-0.958542,1
-1.25,-0.9525,1
-1.25,-0.946875,1
-1.25,-0.941667,1
-1.25,-0.936875,1
-1.25,-0.9325,1
-1.25,-0.928542,1
-1.25,-0.925,1
-1.25,-0.921875,1
-1.25,-0.919167,1
-1.25,-0.916875,1
-1.25,-0.915,1
-1.25,-0.913542,1
-1.25,-0.9125,1
-1.25,-0.911875,1
-1.25,-0.911667,1
-1.25,-0.916667,1
-1.25,-0.916667,1
-1.25,-0.916667,1
-1.25,-0.916667,1
-1.25,-0.916667,1
-1.25,-0.916667,1
-1.25,-0.916667,1
-1.25,-0.916667,1
-1.25063,-0.916667,1
-1.25167,-0.916667,1
-1.25313,-0.916667,1
-1.255,-0.916667,1
-1.25729,-0.916667,1
-1.26,-0.916667,1
-1.26313,-0.916667,1
-1.26667,-0.916667,1
-1.27063,-0.916667,1
-1.275,-0.916667,1
-1.27979,-0.916667,1
-1.285,-0.916667,1
-1.29062,-0.916667,1
-1.29667,-0.916667,1
-1.30313,-0.916667,1
-1.31,-0.916667,1
-1.31729,-0.916667,1
-1.325,-0.916667,1
-1.33313,-0.916667,1
-1.34167,-0.916667,1
-1.35062,-0.916667,1
-1.36,-0.916667,1
-1.36979,-0.916667,1
-1.38,-0.916667,1
-1.39062,-0.916667,1
-1.40167,-0.916667,1
-1.41313,-0.916667,1
-1.425,-0.916667,1
-1.43729,-0.916667,1
-1.45,-0.916667,1
-1.46313,-0.916667,1
-1.47667,-0.916667,1
-1.49063,-0.916667,1
-1.505,-0.916667,1
-1.51896,-0.916667,1
-1.5325,-0.916667,1
-1.54563,-0.916667,1
-1.55833,-0.916667,1
-1.57063,-0.916667,1
-1.5825,-0.916667,1
-1.59396,-0.916667,1
-1.605,-0.916667,1
-1.61563,-0.916667,1
-1.62583,-0.916667,1
-1.63563,-0.916667,1
-1.645,-0.916667,1
-1.65396,-0.916667,1
-1.6625,-0.916667,1
-1.67063,-0.916667,1
-1.67833,-0.916667,1
-1.68563,-0.916667,1
-1.6925,-0.916667,1
-1.69896,-0.916667,1
-1.705,-0.916667,1
-1.71063,-0.916667,1
-1.71583,-0.916667,1
-1.72063,-0.916667,1
-1.725,-0.916667,1
-1.72896,-0.916667,1
-1.7325,-0.916667,1
-1.73563,-0.916667,1
-1.73833,-0.916667,1
-1.74063,-0.916667,1
-1.7425,-0.916667,1
-1.74396,-0.916667,1
-1.745,-0.916667,1
-1.74563,-0.916667,1
-1.74583,-0.916667,1
-1.74563,-0.916667,1
-1.75,-0.916667,1
-1.75,-0.916667,1
-1.75,-0.916667,1
-1.75,-0.916667,1
-1.75,-0.916667,1
-1.75,-0.916667,1
-1.75,-0.916667,1
-1.75,-0.916667,1
-1.75,-0.917292,1
-1.75,-0.918333,1
-1.75,-0.919792,1
-1.75,-0.921667,1
-1.75,-0.923958,1
-1.75,-0.926667,1
-1.75,-0.929792,1
-1.75,-0.933333,1
-1.75,-0.937292,1
-1.75,-0.941667,1
-1.75,-0.946458,1
-1.75,-0.951667,1
-1.75,-0.957292,1
-1.75,-0.963333,1
-1.75,-0.969792,1
-1.75,-0.976667,1
-1.75,-0.983958,1
-1.75,-0.991667,1
-1.75,-0.999792,1
-1.75,-1.00833,1
-1.75,-1.01646,1
-1.75,-1.02417,1
-1.75,-1.03146,1
-1.75,-1.03833,1
-1.75,-1.04479,1
-1.75,-1.05083,1
-1.75,-1.05646,1
-1.75,-1.06167,1
-1.75,-1.06646,1
-1.75,-1.07083,1
-1.75,-1.07479,1
-1.75,-1.07833,1
-1.75,-1.08146,1
-1.75,-1.08417,1
-1.75,-1.08646,1
-1.75,-1.08833,1
-1.75,-1.08979,1
-1.75,-1.09083,1
-1.75,-1.09146,1
-1.75,-1.09167,1
-1.75,-1.08333,1
-1.75,-1.08333,1
-1.75,-1.08333,1
-1.75,-1.08333,1
-1.75,-1.08333,1
-1.75,-1.08333,1
-1.75,-1.08333,1
-1.75,-1.08333,1
-1.74937,-1.08333,1
-1.74833,-1.08333,1
-1.74687,-1.08333,1
-1.745,-1.08333,1
-1.74271,-1.08333,1
-1.74,-1.08333,1
-1.73687,-1.08333,1
-1.73333,-1.08333,1
-1.72938,-1.08333,1
-1.725,-1.08333,1
-1.72021,-1.08333,1
-1.715,-1.08333,1
-1.70938,-1.08333,1
-1.70333,-1.08333,1
-1.69687,-1.08333,1
-1.69,-1.08333,1
-1.68271,-1.08333,1
-1.675,-1.08333,1
-1.66688,-1.08333,1
-1.65833,-1.08333,1
-1.64938,-1.08333,1
-1.64,-1.08333,1
-1.63021,-1.08333,1
-1.62,-1.08333,1
-1.60938,-1.08333,1
-1.59833,-1.08333,1
-1.58687,-1.08333,1
-1.575,-1.08333,1
-1.56354,-1.08333,1
-1.5525,-1.08333,1
-1.54187,-1.08333,1
-1.53167,-1.08333,1
-1.52187,-1.08333,1
-1.5125,-1.08333,1
-1.50354,-1.08333,1
-1.495,-1.08333,1
-1.48687,-1.08333,1
-1.47917,-1.08333,1
-1.47187,-1.08333,1
-1.465,-1.08333,1
-1.45854,-1.08333,1
-1.4525,-1.08333,1
-1.44687,-1.08333,1
-1.44167,-1.08333,1
-1.43687,-1.08333,1
-1.4325,-1.08333,1
-1.42854,-1.08333,1
-1.425,-1.08333,1
-1.42187,-1.08333,1
-1.41917,-1.08333,1
-1.41687,-1.08333,1
-1.415,-1.08333,1
-1.41354,-1.08333,1
-1.4125,-1.08333,1
-1.41187,-1.08333,1
-1.41167,-1.08333,1
-1.41667,-1.08333,1
-1.41667,-1.08333,1
-1.41667,-1.08333,1
-1.41667,-1.08333,1
-1.41667,-1.08333,1
-1.41667,-1.08333,1
-1.41667,-1.08333,1
-1.41667,-1.08333,1
-1.41667,-1.08396,1
-1.41667,-1.085,1
-1.41667,-1.08646,1
-1.41667,-1.08833,1
-1.41667,-1.09062,1
-1.41667,-1.09333,1
-1.41667,-1.09646,1
-1.41667,-1.1,1
-1.41667,-1.10396,1
-1.41667,-1.10833,1
-1.41667,-1.11312,1
-1.41667,-1.11833,1
-1.41667,-1.12396,1
-1.41667,-1.13,1
-1.41667,-1.13646,1
-1.41667,-1.14333,1
-1.41667,-1.15063,1
-1.41667,-1.15833,1
-1.41667,-1.16646,1
-1.41667,-1.175,1
-1.41667,-1.18396,1
-1.41667,-1.19333,1
-1.41667,-1.20312,1
-1.41667,-1.21333,1
-1.41667,-1.22396,1
-1.41667,-1.235,1
-1.41667,-1.24646,1
-1.41667,-1.25833,1
-1.41667,-1.26979,1
-1.41667,-1.28083,1
-1.41667,-1.29146,1
-1.41667,-1.30167,1
-1.41667,-1.31146,1
-1.41667,-1.32083,1
-1.41667,-1.32979,1
-1.41667,-1.33833,1
-1.41667,-1.34646,1
-1.41667,-1.35417,1
-1.41667,-1.36146,1
-1.41667,-1.36833,1
-1.41667,-1.37479,1
-1.41667,-1.38083,1
-1.41667,-1.38646,1
-1.41667,-1.39167,1
-1.41667,-1.39646,1
-1.41667,-1.40083,1
-1.41667,-1.40479,1
-1.41667,-1.40833,1
-1.41667,-1.41146,1
-1.41667,-1.41417,1
-1.41667,-1.41646,1
-1.41667,-1.41833,1
-1.41667,-1.41979,1
-1.41667,-1.42083,1
-1.41667,-1.42146,1
-1.41667,-1.42167,1
-1.41667,-1.41667,1
-1.41667,-1.41667,1
-1.41667,-1.41667,1
-1.41667,-1.41667,1
-1.41667,-1.41667,1
-1.41667,-1.41667,1
-1.41667,-1.41667,1
-1.41667,-1.41667,1
-1.41604,-1.41667,1
-1.415,-1.41667,1
-1.41354,-1.41667,1
-1.41167,-1.41667,1
-1.40938,-1.41667,1
-1.40667,-1.41667,1
-1.40354,-1.41667,1
-1.4,-1.41667,1
-1.39604,-1.41667,1
-1.39167,-1.41667,1
-1.38687,-1.41667,1
-1.38167,-1.41667,1
-1.37604,-1.41667,1
-1.37,-1.41667,1
-1.36354,-1.41667,1
-1.35667,-1.41667,1
-1.34937,-1.41667,1
-1.34167,-1.41667,1
-1.33354,-1.41667,1
-1.325,-1.41667,1
-1.31604,-1.41667,1
-1.30667,-1.41667,1
-1.29688,-1.41667,1
-1.28667,-1.41667,1
-1.27604,-1.41667,1
-1.265,-1.41667,1
-1.25354,-1.41667,1
-1.24167,-1.41667,1
-1.22937,-1.41667,1
-1.21667,-1.41667,1
-1.20354,-1.41667,1
-1.19,-1.41667,1
-1.17604,-1.41667,1
-1.16167,-1.41667,1
-1.14687,-1.41667,1
-1.13167,-1.41667,1
-1.11604,-1.41667,1
-1.1,-1.41667,1
-1.08354,-1.41667,1
-1.06667,-1.41667,1
-1.04937,-1.41667,1
-1.03167,-1.41667,1
-1.01354,-1.41667,1
-0.995,-1.41667,1
-0.976042,-1.41667,1
-0.956667,-1.41667,1
-0.936875,-1.41667,1
-0.916667,-1.41667,1
-0.896042,-1.41667,1
-0.875,-1.41667,1
-0.853542,-1.41667,1
-0.831667,-1.41667,1
-0.809375,-1.41667,1
-0.786667,-1.41667,1
-0.763542,-1.41667,1
-0.74,-1.41667,1
-0.716875,-1.41667,1
-0.694167,-1.41667,1
-0.671875,-1.41667,1
-0.65,-1.41667,1
-0.628542,-1.41667,1
-0.6075,-1.41667,1
-0.586875,-1.41667,1
-0.566667,-1.41667,1
-0.546875,-1.41667,1
-0.5275,-1.41667,1
-0.508542,-1.41667,1
-0.49,-1.41667,1
-0.471875,-1.41667,1
-0.454167,-1.41667,1
-0.436875,-1.41667,1
-0.42,-1.41667,1
-0.403542,-1.41667,1
-0.3875,-1.41667,1
-0.371875,-1.41667,1
-0.356667,-1.41667,1
-0.341875,-1.41667,1
-0.3275,-1.41667,1
-0.313542,-1.41667,1
-0.3,-1.41667,1
-0.286875,-1.41667,1
-0.274167,-1.41667,1
-0.261875,-1.41667,1
-0.25,-1.41667,1
-0.238542,-1.41667,1
-0.2275,-1.41667,1
-0.216875,-1.41667,1
-0.206667,-1.41667,1
-0.196875,-1.41667,1
-0.1875,-1.41667,1
-0.178542,-1.41667,1
-0.17,-1.41667,1
-0.161875,-1.41667,1
-0.154167,-1.41667,1
-0.146875,-1.41667,1
-0.14,-1.41667,1
-0.133542,-1.41667,1
-0.1275,-1.41667,1
-0.121875,-1.41667,1
-0.116667,-1.41667,1
-0.111875,-1.41667,1
-0.1075,-1.41667,1
-0.103542,-1.41667,1
-0.1,-1.41667,1
-0.096875,-1.41667,1
-0.0941667,-1.41667,1
-0.091875,-1.41667,1
-0.09,-1.41667,1
-0.0885417,-1.41667,1
-0.0875,-1.41667,1
-0.086875,-1.41667,1
-0.0866667,-1.41667,1
-0.086875,-1.41667,1
-0.0833333,-1.41667,1
-0.0833333,-1.41667,1
-0.0833333,-1.41667,1
-0.0833333,-1.41667,1
-0.0833333,-1.41667,1
-0.0833333,-1.41667,1
-0.0833333,-1.41667,1
-0.0833333,-1.41667,1
-0.0833333,-1.41729,1
-0.0833333,-1.41833,1
-0.0833333,-1.41979,1
-0.0833333,-1.42167,1
-0.0833333,-1.42396,1
-0.0833333,-1.42667,1
-0.0833333,-1.42979,1
-0.0833333,-1.43333,1
-0.0833333,-1.43729,1
-0.0833333,-1.44167,1
-0.0833333,-1.44646,1
-0.0833333,-1.45167,1
-0.0833333,-1.45729,1
-0.0833333,-1.46333,1
-0.0833333,-1.46979,1
-0.0833333,-1.47667,1
-0.0833333,-1.48396,1
-0.0833333,-1.49167,1
-0.0833333,-1.49979,1
-0.0833333,-1.50833,1
-0.0833333,-1.51729,1
-0.0833333,-1.52667,1
-0.0833333,-1.53646,1
-0.0833333,-1.54667,1
-0.0833333,-1.55729,1
-0.0833333,-1.56833,1
-0.0833333,-1.57979,1
-0.0833333,-1.59167,1
-0.0833333,-1.60396,1
-0.0833333,-1.61667,1
-0.0833333,-1.62979,1
-0.0833333,-1.64333,1
-0.0833333,-1.65729,1
-0.0833333,-1.67167,1
-0.0833333,-1.68563,1
-0.0833333,-1.69917,1
-0.0833333,-1.71229,1
-0.0833333,-1.725,1
-0.0833333,-1.73729,1
-0.0833333,-1.74917,1
-0.0833333,-1.76063,1
-0.0833333,-1.77167,1
-0.0833333,-1.78229,1
-0.0833333,-1.7925,1
-0.0833333,-1.80229,1
-0.0833333,-1.81167,1
-0.0833333,-1.82063,1
-0.0833333,-1.82917,1
-0.0833333,-1.83729,1
-0.0833333,-1.845,1
-0.0833333,-1.85229,1
-0.0833333,-1.85917,1
-0.0833333,-1.86563,1
-0.0833333,-1.87167,1
-0.0833333,-1.87729,1
-0.0833333,-1.8825,1
-0.0833333,-1.88729,1
-0.0833333,-1.89167,1
-0.0833333,-1.89563,1
-0.0833333,-1.89917,1
-0.0833333,-1.90229,1
-0.0833333,-1.905,1
-0.0833333,-1.90729,1
-0.0833333,-1.90917,1
-0.0833333,-1.91063,1
-0.0833333,-1.91167,1
-0.0833333,-1.91229,1
-0.0833333,-1.9125,1
-0.0833333,-1.91229,1
-0.0833333,-1.91667,1
-0.0833333,-1.91667,1
-0.0833333,-1.91667,1
-0.0833333,-1.91667,1
-0.0833333,-1.91667,1
-0.0833333,-1.91667,1
-0.0833333,-1.91667,1
-0.0833333,-1.91667,1
-0.0839583,-1.91667,1
-0.085,-1.91667,1
-0.0864583,-1.91667,1
-0.0883333,-1.91667,1
-0.090625,-1.91667,1
-0.0933333,-1.91667,1
-0.0964583,-1.91667,1
-0.1,-1.91667,1
-0.103958,-1.91667,1
-0.108333,-1.91667,1
-0.113125,-1.91667,1
-0.118333,-1.91667,1
-0.123958,-1.91667,1
-0.13,-1.91667,1
-0.136458,-1.91667,1
-0.143333,-1.91667,1
-0.150625,-1.91667,1
-0.158333,-1.91667,1
-0.166458,-1.91667,1
-0.175,-1.91667,1
-0.183958,-1.91667,1
-0.193333,-1.91667,1
-0.203125,-1.91667,1
-0.213333,-1.91667,1
-0.223958,-1.91667,1
-0.235,-1.91667,1
-0.246458,-1.91667,1
-0.258333,-1.91667,1
-0.270625,-1.91667,1
-0.283333,-1.91667,1
-0.296458,-1.91667,1
-0.31,-1.91667,1
-0.323958,-1.91667,1
-0.338333,-1.91667,1
-0.353125,-1.91667,1
-0.368333,-1.91667,1
-0.383958,-1.91667,1
-0.4,-1.91667,1
-0.416458,-1.91667,1
-0.433333,-1.91667,1
-0.450625,-1.91667,1
-0.468333,-1.91667,1
-0.486458,-1.91667,1
-0.505,-1.91667,1
-0.523958,-1.91667,1
-0.543333,-1.91667,1
-0.563125,-1.91667,1
-0.583333,-1.91667,1
-0.603958,-1.91667,1
-0.625,-1.91667,1
-0.646458,-1.91667,1
-0.668333,-1.91667,1
-0.690625,-1.91667,1
-0.713333,-1.91667,1
-0.736458,-1.91667,1
-0.76,-1.91667,1
-0.783958,-1.91667,1
-0.808333,-1.91667,1
-0.818333,-1.91667,1
-0.828333,-1.91667,1
-0.838333,-1.91667,1
-0.848333,-1.91667,1
-0.858333,-1.91667,1
-0.868333,-1.91667,1
-0.878333,-1.91667,1
-0.888333,-1.91667,1
-0.898333,-1.91667,1
-0.908333,-1.91667,1
-0.918333,-1.91667,1
-0.928333,-1.91667,1
-0.938333,-1.91667,1
-0.948333,-1.91667,1
-0.958333,-1.91667,1
-0.968333,-1.91667,1
-0.978333,-1.91667,1
-0.988333,-1.91667,1
-0.998333,-1.91667,1
-1.00833,-1.91667,1
-1.01833,-1.91667,1
-1.02833,-1.91667,1
-1.03833,-1.91667,1
-1.04833,-1.91667,1
-1.05833,-1.91667,1
-1.06833,-1.91667,1
-1.07833,-1.91667,1
-1.08833,-1.91667,1
-1.09833,-1.91667,1
-1.10833,-1.91667,1
-1.11833,-1.91667,1
-1.12833,-1.91667,1
-1.13833,-1.91667,1
-1.14833,-1.91667,1
-1.15833,-1.91667,1
-1.16833,-1.91667,1
-1.17833,-1.91667,1
-1.18833,-1.91667,1
-1.19833,-1.91667,1
-1.22229,-1.91667,1
-1.24583,-1.91667,1
-1.26896,-1.91667,1
-1.29167,-1.91667,1
-1.31396,-1.91667,1
-1.33583,-1.91667,1
-1.35729,-1.91667,1
-1.37833,-1.91667,1
-1.39896,-1.91667,1
-1.41917,-1.91667,1
-1.43896,-1.91667,1
-1.45833,-1.91667,1
-1.47729,-1.91667,1
-1.49583,-1.91667,1
-1.51396,-1.91667,1
-1.53167,-1.91667,1
-1.54896,-1.91667,1
-1.56583,-1.91667,1
-1.58229,-1.91667,1
-1.59833,-1.91667,1
-1.61396,-1.91667,1
-1.62917,-1.91667,1
-1.64396,-1.91667,1
-1.65833,-1.91667,1
-1.67229,-1.91667,1
-1.68583,-1.91667,1
-1.69896,-1.91667,1
-1.71167,-1.91667,1
-1.72396,-1.91667,1
-1.73583,-1.91667,1
-1.74729,-1.91667,1
-1.75833,-1.91667,1
-1.76896,-1.91667,1
-1.77917,-1.91667,1
-1.78896,-1.91667,1
-1.79833,-1.91667,1
-1.80729,-1.91667,1
-1.81583,-1.91667,1
-1.82396,-1.91667,1
-1.83167,-1.91667,1
-1.83896,-1.91667,1
-1.84583,-1.91667,1
-1.85229,-1.91667,1
-1.85833,-1.91667,1
-1.86396,-1.91667,1
-1.86917,-1.91667,1
-1.87396,-1.91667,1
-1.87833,-1.91667,1
-1.88229,-1.91667,1
-1.88583,-1.91667,1
-1.88896,-1.91667,1
-1.89167,-1.91667,1
-1.89396,-1.91667,1
-1.89583,-1.91667,1
-1.89729,-1.91667,1
-1.89833,-1.91667,1
-1.89896,-1.91667,1
-1.89917,-1.91667,1
-1.89896,-1.91667,1
-1.91667,-1.91667,1
-1.91667,-1.91667,1
-1.91667,-1.91667,1
-1.91667,-1.91667,1
-1.91667,-1.91667,1
-1.91667,-1.91667,1
-1.91667,-1.91667,1
-1.91667,-1.91667,1
-1.91667,-1.91604,1
-1.91667,-1.915,1
-1.91667,-1.91354,1
-1.91667,-1.91167,1
-1.91667,-1.90938,1
-1.91667,-1.90667,1
-1.91667,-1.90354,1
-1.91667,-1.9,1
-1.91667,-1.89604,1
-1.91667,-1.89167,1
-1.91667,-1.88688,1
-1.91667,-1.88167,1
-1.91667,-1.87604,1
-1.91667,-1.87,1
-1.91667,-1.86354,1
-1.91667,-1.85667,1
-1.91667,-1.84937,1
-1.91667,-1.84167,1
-1.91667,-1.83354,1
-1.91667,-1.825,1
-1.91667,-1.81604,1
-1.91667,-1.80667,1
-1.91667,-1.79688,1
-1.91667,-1.78667,1
-1.91667,-1.77604,1
-1.91667,-1.765,1
-1.91667,-1.75354,1
-1.91667,-1.74167,1
-1.91667,-1.72938,1
-1.91667,-1.71667,1
-1.91667,-1.70354,1
-1.91667,-1.69,1
-1.91667,-1.67604,1
-1.91667,-1.66167,1
-1.91667,-1.64771,1
-1.91667,-1.63417,1
-1.91667,-1.62104,1
-1.91667,-1.60833,1
-1.91667,-1.59604,1
-1.91667,-1.58417,1
-1.91667,-1.57271,1
-1.91667,-1.56167,1
-1.91667,-1.55104,1
-1.91667,-1.54083,1
-1.91667,-1.53104,1
-1.91667,-1.52167,1
-1.91667,-1.51271,1
-1.91667,-1.50417,1
-1.91667,-1.49604,1
-1.91667,-1.48833,1
-1.91667,-1.48104,1
-1.91667,-1.47417,1
-1.91667,-1.46771,1
-1.91667,-1.46167,1
-1.91667,-1.45604,1
-1.91667,-1.45083,1
-1.91667,-1.44604,1
-1.91667,-1.44167,1
-1.91667,-1.43771,1
-1.91667,-1.43417,1
-1.91667,-1.43104,1
-1.91667,-1.42833,1
-1.91667,-1.42604,1
-1.91667,-1.42417,1
-1.91667,-1.42271,1
-1.91667,-1.42167,1
-1.91667,-1.42104,1
-1.91667,-1.42083,1
-1.91667,-1.42104,1
-1.91667,-1.41667,1
-1.91667,-1.41667,1
-1.91667,-1.41667,1
-1.91667,-1.41667,1
-1.91667,-1.41667,1
-1.91667,-1.41667,1
-1.91667,-1.41667,1
-1.91667,-1.41667,1
-1.91604,-1.41667,1
-1.915,-1.41667,1
-1.91354,-1.41667,1
-1.91167,-1.41667,1
-1.90938,-1.41667,1
-1.90667,-1.41667,1
-1.90354,-1.41667,1
-1.9,-1.41667,1
-1.89604,-1.41667,1
-1.89167,-1.41667,1
-1.88688,-1.41667,1
-1.88167,-1.41667,1
-1.87604,-1.41667,1
-1.87,-1.41667,1
-1.86354,-1.41667,1
-1.85667,-1.41667,1
-1.84937,-1.41667,1
-1.84167,-1.41667,1
-1.83354,-1.41667,1
-1.825,-1.41667,1
-1.81688,-1.41667,1
-1.80917,-1.41667,1
-1.80187,-1.41667,1
-1.795,-1.41667,1
-1.78854,-1.41667,1
-1.7825,-1.41667,1
-1.77687,-1.41667,1
-1.77167,-1.41667,1
-1.76687,-1.41667,1
-1.7625,-1.41667,1
-1.75854,-1.41667,1
-1.755,-1.41667,1
-1.75187,-1.41667,1
-1.74917,-1.41667,1
-1.74687,-1.41667,1
-1.745,-1.41667,1
-1.74354,-1.41667,1
-1.7425,-1.41667,1
-1.74188,-1.41667,1
-1.74167,-1.41667,1
-1.75,-1.41667,1
-1.75,-1.41667,1
-1.75,-1.41667,1
-1.75,-1.41667,1
-1.75,-1.41667,1
-1.75,-1.41667,1
-1.75,-1.41667,1
-1.75,-1.41667,1
-1.75,-1.41729,1
-1.75,-1.41833,1
-1.75,-1.41979,1
-1.75,-1.42167,1
-1.75,-1.42396,1
-1.75,-1.42667,1
-1.75,-1.42979,1
-1.75,-1.43333,1
-1.75,-1.43729,1
-1.75,-1.44167,1
-1.75,-1.44646,1
-1.75,-1.45167,1
-1.75,-1.45729,1
-1.75,-1.46333,1
-1.75,-1.46979,1
-1.75,-1.47667,1
-1.75,-1.48396,1
-1.75,-1.49167,1
-1.75,-1.49979,1
-1.75,-1.50833,1
-1.75,-1.51729,1
-1.75,-1.52667,1
-1.75,-1.53646,1
-1.75,-1.54667,1
-1.75,-1.55729,1
-1.75,-1.56833,1
-1.75,-1.57979,1
-1.75,-1.59167,1
-1.75,-1.60312,1
-1.75,-1.61417,1
-1.75,-1.62479,1
-1.75,-1.635,1
-1.75,-1.64479,1
-1.75,-1.65417,1
-1.75,-1.66313,1
-1.75,-1.67167,1
-1.75,-1.67979,1
-1.75,-1.6875,1
-1.75,-1.69479,1
-1.75,-1.70167,1
-1.75,-1.70812,1
-1.75,-1.71417,1
-1.75,-1.71979,1
-1.75,-1.725,1
-1.75,-1.72979,1
-1.75,-1.73417,1
-1.75,-1.73812,1
-1.75,-1.74167,1
-1.75,-1.74479,1
-1.75,-1.7475,1
-1.75,-1.74979,1
-1.75,-1.75167,1
-1.75,-1.75313,1
-1.75,-1.75417,1
-1.75,-1.75479,1
-1.75,-1.755,1
-1.75,-1.75,1
-1.75,-1.75,1
-1.75,-1.75,1
-1.75,-1.75,1
-1.75,-1.75,1
-1.75,-1.75,1
-1.75,-1.75,1
-1.75,-1.75,1
-1.74937,-1.75,1
-1.74833,-1.75,1
-1.74687,-1.75,1
-1.745,-1.75,1
-1.74271,-1.75,1
-1.74,-1.75,1
-1.73687,-1.75,1
-1.73333,-1.75,1
-1.72938,-1.75,1
-1.725,-1.75,1
-1.72021,-1.75,1
-1.715,-1.75,1
-1.70938,-1.75,1
-1.70333,-1.75,1
-1.69687,-1.75,1
-1.69,-1.75,1
-1.68271,-1.75,1
-1.675,-1.75,1
-1.66688,-1.75,1
-1.65833,-1.75,1
-1.64938,-1.75,1
-1.64,-1.75,1
-1.63021,-1.75,1
-1.62,-1.75,1
-1.60938,-1.75,1
-1.59833,-1.75,1
-1.58687,-1.75,1
-1.575,-1.75,1
-1.56271,-1.75,1
-1.55,-1.75,1
-1.53687,-1.75,1
-1.52333,-1.75,1
-1.50937,-1.75,1
-1.495,-1.75,1
-1.48021,-1.75,1
-1.465,-1.75,1
-1.44937,-1.75,1
-1.43333,-1.75,1
-1.41687,-1.75,1
-1.4,-1.75,1
-1.38271,-1.75,1
-1.365,-1.75,1
-1.34687,-1.75,1
-1.32833,-1.75,1
-1.30937,-1.75,1
-1.29,-1.75,1
-1.27021,-1.75,1
-1.25,-1.75,1
-1.22937,-1.75,1
-1.20833,-1.75,1
-1.18687,-1.75,1
-1.165,-1.75,1
-1.14271,-1.75,1
-1.12,-1.75,1
-1.09687,-1.75,1
-1.07333,-1.75,1
-1.04937,-1.75,1
-1.025,-1.75,1
-1.015,-1.75,1
-1.005,-1.75,1
-0.995,-1.75,1
-0.985,-1.75,1
-0.975,-1.75,1
-0.965,-1.75,1
-0.941042,-1.75,1
-0.9175,-1.75,1
-0.894375,-1.75,1
-0.871667,-1.75,1
-0.849375,-1.75,1
-0.8275,-1.75,1
-0.806042,-1.75,1
-0.785,-1.75,1
-0.764375,-1.75,1
-0.744167,-1.75,1
-0.724375,-1.75,1
-0.705,-1.75,1
-0.686042,-1.75,1
-0.6675,-1.75,1
-0.649375,-1.75,1
-0.631667,-1.75,1
-0.614375,-1.75,1
-0.5975,-1.75,1
-0.581042,-1.75,1
-0.565,-1.75,1
-0.549375,-1.75,1
-0.534167,-1.75,1
-0.519375,-1.75,1
-0.505,-1.75,1
-0.491042,-1.75,1
-0.4775,-1.75,1
-0.464375,-1.75,1
-0.451667,-1.75,1
-0.439375,-1.75,1
-0.4275,-1.75,1
-0.416042,-1.75,1
-0.405,-1.75,1
-0.394375,-1.75,1
-0.384167,-1.75,1
-0.374375,-1.75,1
-0.365,-1.75,1
-0.356042,-1.75,1
-0.3475,-1.75,1
-0.339375,-1.75,1
-0.331667,-1.75,1
-0.324375,-1.75,1
-0.3175,-1.75,1
-0.311042,-1.75,1
-0.305,-1.75,1
-0.299375,-1.75,1
-0.294167,-1.75,1
-0.289375,-1.75,1
-0.285,-1.75,1
-0.281042,-1.75,1
-0.2775,-1.75,1
-0.274375,-1.75,1
-0.271667,-1.75,1
-0.269375,-1.75,1
-0.2675,-1.75,1
-0.266042,-1.75,1
-0.265,-1.75,1
-0.264375,-1.75,1
-0.264167,-1.75,1
-0.264375,-1.75,1
-0.25,-1.75,1
-0.25,-1.75,1
-0.25,-1.75,1
-0.25,-1.75,1
-0.25,-1.75,1
-0.25,-1.75,1
-0.25,-1.75,1
-0.25,-1.75,1
-0.25,-1.74937,1
-0.25,-1.74833,1
-0.25,-1.74687,1
-0.25,-1.745,1
-0.25,-1.74271,1
-0.25,-1.74,1
-0.25,-1.73687,1
-0.25,-1.73333,1
-0.25,-1.72938,1
-0.25,-1.725,1
-0.25,-1.72021,1
-0.25,-1.715,1
-0.25,-1.70938,1
-0.25,-1.70333,1
-0.25,-1.69687,1
-0.25,-1.69,1
-0.25,-1.68271,1
-0.25,-1.675,1
-0.25,-1.66688,1
-0.25,-1.65833,1
-0.25,-1.65021,1
-0.25,-1.6425,1
-0.25,-1.63521,1
-0.25,-1.62833,1
-0.25,-1.62187,1
-0.25,-1.61583,1
-0.25,-1.61021,1
-0.25,-1.605,1
-0.25,-1.60021,1
-0.25,-1.59583,1
-0.25,-1.59187,1
-0.25,-1.58833,1
-0.25,-1.58521,1
-0.25,-1.5825,1
-0.25,-1.58021,1
-0.25,-1.57833,1
-0.25,-1.57688,1
-0.25,-1.57583,1
-0.25,-1.57521,1
-0.25,-1.575,1
-0.25,-1.58333,1
-0.25,-1.58333,1
-0.25,-1.58333,1
-0.25,-1.58333,1
-0.25,-1.58333,1
-0.25,-1.58333,1
-0.25,-1.58333,1
-0.25,-1.58333,1
-0.250625,-1.58333,1
-0.251667,-1.58333,1
-0.253125,-1.58333,1
-0.255,-1.58333,1
-0.257292,-1.58333,1
-0.26,-1.58333,1
-0.263125,-1.58333,1
-0.266667,-1.58333,1
-0.270625,-1.58333,1
-0.275,-1.58333,1
-0.279792,-1.58333,1
-0.285,-1.58333,1
-0.290625,-1.58333,1
-0.296667,-1.58333,1
-0.303125,-1.58333,1
-0.31,-1.58333,1
-0.317292,-1.58333,1
-0.325,-1.58333,1
-0.333125,-1.58333,1
-0.341667,-1.58333,1
-0.350625,-1.58333,1
-0.36,-1.58333,1
-0.369792,-1.58333,1
-0.38,-1.58333,1
-0.390625,-1.58333,1
-0.401667,-1.58333,1
-0.413125,-1.58333,1
-0.425,-1.58333,1
-0.437292,-1.58333,1
-0.45,-1.58333,1
-0.463125,-1.58333,1
-0.476667,-1.58333,1
-0.490625,-1.58333,1
-0.505,-1.58333,1
-0.519792,-1.58333,1
-0.535,-1.58333,1
-0.550625,-1.58333,1
-0.566667,-1.58333,1
-0.583125,-1.58333,1
-0.6,-1.58333,1
-0.617292,-1.58333,1
-0.635,-1.58333,1
-0.653125,-1.58333,1
-0.671667,-1.58333,1
-0.690625,-1.58333,1
-0.71,-1.58333,1
-0.729792,-1.58333,1
-0.75,-1.58333,1
-0.770625,-1.58333,1
-0.791667,-1.58333,1
-0.813125,-1.58333,1
-0.835,-1.58333,1
-0.857292,-1.58333,1
-0.88,-1.58333,1
-0.903125,-1.58333,1
-0.926667,-1.58333,1
-0.949792,-1.58333,1
-0.9725,-1.58333,1
-0.994792,-1.58333,1
-1.01667,-1.58333,1
-1.03813,-1.58333,1
-1.05917,-1.58333,1
-1.07979,-1.58333,1
-1.1,-1.58333,1
-1.11979,-1.58333,1
-1.13917,-1.58333,1
-1.15813,-1.58333,1
-1.17667,-1.58333,1
-1.19479,-1.58333,1
-1.2125,-1.58333,1
-1.22979,-1.58333,1
-1.24667,-1.58333,1
-1.26313,-1.58333,1
-1.27917,-1.58333,1
-1.29479,-1.58333,1
-1.31,-1.58333,1
-1.32479,-1.58333,1
-1.33917,-1.58333,1
-1.35313,-1.58333,1
-1.36667,-1.58333,1
-1.37979,-1.58333,1
-1.3925,-1.58333,1
-1.40479,-1.58333,1
-1.41667,-1.58333,1
-1.42813,-1.58333,1
-1.43917,-1.58333,1
-1.44979,-1.58333,1
-1.46,-1.58333,1
-1.46979,-1.58333,1
-1.47917,-1.58333,1
-1.48813,-1.58333,1
-1.49667,-1.58333,1
-1.50479,-1.58333,1
-1.5125,-1.58333,1
-1.51979,-1.58333,1
-1.52667,-1.58333,1
-1.53313,-1.58333,1
-1.53917,-1.58333,1
-1.54479,-1.58333,1
-1.55,-1.58333,1
-1.55479,-1.58333,1
-1.55917,-1.58333,1
-1.56313,-1.58333,1
-1.56667,-1.58333,1
-1.56979,-1.58333,1
-1.5725,-1.58333,1
-1.57479,-1.58333,1
-1.57667,-1.58333,1
-1.57813,-1.58333,1
-1.57917,-1.58333,1
-1.57979,-1.58333,1
-1.58,-1.58333,1
-1.57979,-1.58333,1
-1.58333,-1.58333,1
-1.58333,-1.58333,1
-1.58333,-1.58333,1
-1.58333,-1.58333,1
-1.58333,-1.58333,1
-1.58333,-1.58333,1
-1.58333,-1.58333,1
-1.58333,-1.58333,1
-1.58333,-1.58271,1
-1.58333,-1.58167,1
-1.58333,-1.58021,1
-1.58333,-1.57833,1
-1.58333,-1.57604,1
-1.58333,-1.57333,1
-1.58333,-1.57021,1
-1.58333,-1.56667,1
-1.58333,-1.56271,1
-1.58333,-1.55833,1
-1.58333,-1.55354,1
-1.58333,-1.54833,1
-1.58333,-1.54271,1
-1.58333,-1.53667,1
-1.58333,-1.53021,1
-1.58333,-1.52333,1
-1.58333,-1.51604,1
-1.58333,-1.50833,1
-1.58333,-1.50021,1
-1.58333,-1.49167,1
-1.58333,-1.48271,1
-1.58333,-1.47333,1
-1.58333,-1.46354,1
-1.58333,-1.45333,1
-1.58333,-1.44271,1
-1.58333,-1.43167,1
-1.58333,-1.42021,1
-1.58333,-1.40833,1
-1.58333,-1.39688,1
-1.58333,-1.38583,1
-1.58333,-1.37521,1
-1.58333,-1.365,1
-1.58333,-1.35521,1
-1.58333,-1.34583,1
-1.58333,-1.33687,1
-1.58333,-1.32833,1
-1.58333,-1.32021,1
-1.58333,-1.3125,1
-1.58333,-1.30521,1
-1.58333,-1.29833,1
-1.58333,-1.29187,1
-1.58333,-1.28583,1
-1.58333,-1.28021,1
-1.58333,-1.275,1
-1.58333,-1.27021,1
-1.58333,-1.26583,1
-1.58333,-1.26187,1
-1.58333,-1.25833,1
-1.58333,-1.25521,1
-1.58333,-1.2525,1
-1.58333,-1.25021,1
-1.58333,-1.24833,1
-1.58333,-1.24687,1
-1.58333,-1.24583,1
-1.58333,-1.24521,1
-1.58333,-1.245,1
-1.58333,-1.25,1
-1.58333,-1.25,1
-1.58333,-1.25,1
-1.58333,-1.25,1
-1.58333,-1.25,1
-1.58333,-1.25,1
-1.58333,-1.25,1
-1.58333,-1.25,1
-1.58396,-1.25,1
-1.585,-1.25,1
-1.58646,-1.25,1
-1.58833,-1.25,1
-1.59062,-1.25,1
-1.59333,-1.25,1
-1.59646,-1.25,1
-1.6,-1.25,1
-1.60396,-1.25,1
-1.60833,-1.25,1
-1.61313,-1.25,1
-1.61833,-1.25,1
-1.62396,-1.25,1
-1.63,-1.25,1
-1.63646,-1.25,1
-1.64333,-1.25,1
-1.65063,-1.25,1
-1.65833,-1.25,1
-1.66646,-1.25,1
-1.675,-1.25,1
-1.68396,-1.25,1
-1.69333,-1.25,1
-1.70312,-1.25,1
-1.71333,-1.25,1
-1.72396,-1.25,1
-1.735,-1.25,1
-1.74646,-1.25,1
-1.75833,-1.25,1
-1.76979,-1.25,1
-1.78083,-1.25,1
-1.79146,-1.25,1
-1.80167,-1.25,1
-1.81146,-1.25,1
-1.82083,-1.25,1
-1.82979,-1.25,1
-1.83833,-1.25,1
-1.84646,-1.25,1
-1.85417,-1.25,1
-1.86146,-1.25,1
-1.86833,-1.25,1
-1.87479,-1.25,1
-1.88083,-1.25,1
-1.88646,-1.25,1
-1.89167,-1.25,1
-1.89646,-1.25,1
-1.90083,-1.25,1
-1.90479,-1.25,1
-1.90833,-1.25,1
-1.91146,-1.25,1
-1.91417,-1.25,1
-1.91646,-1.25,1
-1.91833,-1.25,1
-1.91979,-1.25,1
-1.92083,-1.25,1
-1.92146,-1.25,1
-1.92167,-1.25,1
-1.91667,-1.25,1
-1.91667,-1.25,1
-1.91667,-1.25,1
-1.91667,-1.25,1
-1.91667,-1.25,1
-1.91667,-1.25,1
-1.91667,-1.25,1
-1.91667,-1.25,1
-1.91667,-1.24937,1
-1.91667,-1.24833,1
-1.91667,-1.24687,1
-1.91667,-1.245,1
-1.91667,-1.24271,1
-1.91667,-1.24,1
-1.91667,-1.23687,1
-1.91667,-1.23333,1
-1.91667,-1.22938,1
-1.91667,-1.225,1
-1.91667,-1.22021,1
-1.91667,-1.215,1
-1.91667,-1.20938,1
-1.91667,-1.20333,1
-1.91667,-1.19687,1
-1.91667,-1.19,1
-1.91667,-1.18271,1
-1.91667,-1.175,1
-1.91667,-1.16688,1
-1.91667,-1.15833,1
-1.91667,-1.14938,1
-1.91667,-1.14,1
-1.91667,-1.13021,1
-1.91667,-1.12,1
-1.91667,-1.10938,1
-1.91667,-1.09833,1
-1.91667,-1.08687,1
-1.91667,-1.075,1
-1.91667,-1.06271,1
-1.91667,-1.05,1
-1.91667,-1.03687,1
-1.91667,-1.02333,1
-1.91667,-1.00937,1
-1.91667,-0.995,1
-1.91667,-0.981042,1
-1.91667,-0.9675,1
-1.91667,-0.954375,1
-1.91667,-0.941667,1
-1.91667,-0.929375,1
-1.91667,-0.9175,1
-1.91667,-0.906042,1
-1.91667,-0.895,1
-1.91667,-0.884375,1
-1.91667,-0.874167,1
-1.91667,-0.864375,1
-1.91667,-0.855,1
-1.91667,-0.846042,1
-1.91667,-0.8375,1
-1.91667,-0.829375,1
-1.91667,-0.821667,1
-1.91667,-0.814375,1
-1.91667,-0.8075,1
-1.91667,-0.801042,1
-1.91667,-0.795,1
-1.91667,-0.789375,1
-1.91667,-0.784167,1
-1.91667,-0.779375,1
-1.91667,-0.775,1
-1.91667,-0.771042,1
-1.91667,-0.7675,1
-1.91667,-0.764375,1
-1.91667,-0.761667,1
-1.91667,-0.759375,1
-1.91667,-0.7575,1
-1.91667,-0.756042,1
-1.91667,-0.755,1
-1.91667,-0.754375,1
-1.91667,-0.754167,1
-1.91667,-0.754375,1
-1.91667,-0.75,1
-1.91667,-0.75,1
-1.91667,-0.75,1
-1.91667,-0.75,1
-1.91667,-0.75,1
-1.91667,-0.75,1
-1.91667,-0.75,1
-1.91667,-0.75,1
-1.91604,-0.75,1
-1.915,-0.75,1
-1.91354,-0.75,1
-1.91167,-0.75,1
-1.90938,-0.75,1
-1.90667,-0.75,1
-1.90354,-0.75,1
-1.9,-0.75,1
-1.89604,-0.75,1
-1.89167,-0.75,1
-1.88688,-0.75,1
-1.88167,-0.75,1
-1.87604,-0.75,1
-1.87,-0.75,1
-1.86354,-0.75,1
-1.85667,-0.75,1
-1.84937,-0.75,1
-1.84167,-0.75,1
-1.83354,-0.75,1
-1.825,-0.75,1
-1.81604,-0.75,1
-1.80667,-0.75,1
-1.79688,-0.75,1
-1.78667,-0.75,1
-1.77604,-0.75,1
-1.765,-0.75,1
-1.75354,-0.75,1
-1.74167,-0.75,1
-1.72938,-0.75,1
-1.71667,-0.75,1
-1.70354,-0.75,1
-1.69,-0.75,1
-1.67604,-0.75,1
-1.66167,-0.75,1
-1.64687,-0.75,1
-1.63167,-0.75,1
-1.61604,-0.75,1
-1.6,-0.75,1
-1.58354,-0.75,1
-1.56667,-0.75,1
-1.54937,-0.75,1
-1.53167,-0.75,1
-1.51354,-0.75,1
-1.495,-0.75,1
-1.47687,-0.75,1
-1.45917,-0.75,1
-1.44187,-0.75,1
-1.425,-0.75,1
-1.40854,-0.75,1
-1.3925,-0.75,1
-1.37687,-0.75,1
-1.36167,-0.75,1
-1.34687,-0.75,1
-1.3325,-0.75,1
-1.31854,-0.75,1
-1.305,-0.75,1
-1.29187,-0.75,1
-1.27917,-0.75,1
-1.26687,-0.75,1
-1.255,-0.75,1
-1.24354,-0.75,1
-1.2325,-0.75,1
-1.22187,-0.75,1
-1.21167,-0.75,1
-1.20187,-0.75,1
-1.1925,-0.75,1
-1.18354,-0.75,1
-1.175,-0.75,1
-1.16687,-0.75,1
-1.15917,-0.75,1
-1.15187,-0.75,1
-1.145,-0.75,1
-1.13854,-0.75,1
-1.1325,-0.75,1
-1.12687,-0.75,1
-1.12167,-0.75,1
-1.11687,-0.75,1
-1.1125,-0.75,1
-1.10854,-0.75,1
-1.105,-0.75,1
-1.10187,-0.75,1
-1.09917,-0.75,1
-1.09687,-0.75,1
-1.095,-0.75,1
-1.09354,-0.75,1
-1.0925,-0.75,1
-1.09187,-0.75,1
-1.09167,-0.75,1
-1.09187,-0.75,1
-1.08333,-0.75,1
-1.08333,-0.75,1
-1.08333,-0.75,1
-1.08333,-0.75,1
-1.08333,-0.75,1
-1.08333,-0.75,1
-1.08333,-0.75,1
-1.08333,-0.75,1
-1.08333,-0.750625,1
-1.08333,-0.751667,1
-1.08333,-0.753125,1
-1.08333,-0.755,1
-1.08333,-0.757292,1
-1.08333,-0.76,1
-1.08333,-0.763125,1
-1.08333,-0.766667,1
-1.08333,-0.770625,1
-1.08333,-0.775,1
-1.08333,-0.779792,1
-1.08333,-0.785,1
-1.08333,-0.790625,1
-1.08333,-0.796667,1
-1.08333,-0.803125,1
-1.08333,-0.81,1
-1.08333,-0.817292,1
-1.08333,-0.825,1
-1.08333,-0.833125,1
-1.08333,-0.841667,1
-1.08333,-0.850625,1
-1.08333,-0.86,1
-1.08333,-0.869792,1
-1.08333,-0.88,1
-1.08333,-0.890625,1
-1.08333,-0.901667,1
-1.08333,-0.913125,1
-1.08333,-0.925,1
-1.08333,-0.936458,1
-1.08333,-0.9475,1
-1.08333,-0.958125,1
-1.08333,-0.968333,1
-1.08333,-0.978125,1
-1.08333,-0.9875,1
-1.08333,-0.996458,1
-1.08333,-1.005,1
-1.08333,-1.01313,1
-1.08333,-1.02083,1
-1.08333,-1.02813,1
-1.08333,-1.035,1
-1.08333,-1.04146,1
-1.08333,-1.0475,1
-1.08333,-1.05313,1
-1.08333,-1.05833,1
-1.08333,-1.06313,1
-1.08333,-1.0675,1
-1.08333,-1.07146,1
-1.08333,-1.075,1
-1.08333,-1.07813,1
-1.08333,-1.08083,1
-1.08333,-1.08313,1
-1.08333,-1.085,1
-1.08333,-1.08646,1
-1.08333,-1.0875,1
-1.08333,-1.08813,1
-1.08333,-1.08833,1
-1.08333,-1.08333,1
-1.08333,-1.08333,1
-1.08333,-1.08333,1
-1.08333,-1.08333,1
-1.08333,-1.08333,1
-1.08333,-1.08333,1
-1.08333,-1.08333,1
-1.08333,-1.08333,1
-1.08271,-1.08333,1
-1.08167,-1.08333,1
-1.08021,-1.08333,1
-1.07833,-1.08333,1
-1.07604,-1.08333,1
-1.07333,-1.08333,1
-1.07021,-1.08333,1
-1.06667,-1.08333,1
-1.06271,-1.08333,1
-1.05833,-1.08333,1
-1.05354,-1.08333,1
-1.04833,-1.08333,1
-1.04271,-1.08333,1
-1.03667,-1.08333,1
-1.03021,-1.08333,1
-1.02333,-1.08333,1
-1.01604,-1.08333,1
-1.00833,-1.08333,1
-1.00021,-1.08333,1
-0.991667,-1.08333,1
-0.982708,-1.08333,1
-0.973333,-1.08333,1
-0.963542,-1.08333,1
-0.953333,-1.08333,1
-0.942708,-1.08333,1
-0.931667,-1.08333,1
-0.920208,-1.08333,1
-0.908333,-1.08333,1
-0.896042,-1.08333,1
-0.883333,-1.08333,1
-0.870208,-1.08333,1
-0.856667,-1.08333,1
-0.842708,-1.08333,1
-0.828333,-1.08333,1
-0.813542,-1.08333,1
-0.798333,-1.08333,1
-0.782708,-1.08333,1
-0.766667,-1.08333,1
-0.750208,-1.08333,1
-0.733333,-1.08333,1
-0.716042,-1.08333,1
-0.698333,-1.08333,1
-0.680208,-1.08333,1
-0.661667,-1.08333,1
-0.643542,-1.08333,1
-0.625833,-1.08333,1
-0.608542,-1.08333,1
-0.591667,-1.08333,1
-0.575208,-1.08333,1
-0.559167,-1.08333,1
-0.543542,-1.08333,1
-0.528333,-1.08333,1
-0.513542,-1.08333,1
-0.499167,-1.08333,1
-0.485208,-1.08333,1
-0.471667,-1.08333,1
-0.458542,-1.08333,1
-0.445833,-1.08333,1
-0.433542,-1.08333,1
-0.421667,-1.08333,1
-0.410208,-1.08333,1
-0.399167,-1.08333,1
-0.388542,-1.08333,1
-0.378333,-1.08333,1
-0.368542,-1.08333,1
-0.359167,-1.08333,1
-0.350208,-1.08333,1
-0.341667,-1.08333,1
-0.333542,-1.08333,1
-0.325833,-1.08333,1
-0.318542,-1.08333,1
-0.311667,-1.08333,1
-0.305208,-1.08333,1
-0.299167,-1.08333,1
-0.293542,-1.08333,1
-0.288333,-1.08333,1
-0.283542,-1.08333,1
-0.279167,-1.08333,1
-0.275208,-1.08333,1
-0.271667,-1.08333,1
-0.268542,-1.08333,1
-0.265833,-1.08333,1
-0.263542,-1.08333,1
-0.261667,-1.08333,1
-0.260208,-1.08333,1
-0.259167,-1.08333,1
-0.258542,-1.08333,1
-0.258333,-1.08333,1
-0.258542,-1.08333,1
-0.25,-1.08333,1
-0.25,-1.08333,1
-0.25,-1.08333,1
-0.25,-1.08333,1
-0.25,-1.08333,1
-0.25,-1.08333,1
-0.25,-1.08333,1
-0.25,-1.08333,1
-0.25,-1.08271,1
-0.25,-1.08167,1
-0.25,-1.08021,1
-0.25,-1.07833,1
-0.25,-1.07604,1
-0.25,-1.07333,1
-0.25,-1.07021,1
-0.25,-1.06667,1
-0.25,-1.06271,1
-0.25,-1.05833,1
-0.25,-1.05354,1
-0.25,-1.04833,1
-0.25,-1.04271,1
-0.25,-1.03667,1
-0.25,-1.03021,1
-0.25,-1.02333,1
-0.25,-1.01604,1
-0.25,-1.00833,1
-0.25,-1.00021,1
-0.25,-0.991667,1
-0.25,-0.983542,1
-0.25,-0.975833,1
-0.25,-0.968542,1
-0.25,-0.961667,1
-0.25,-0.955208,1
-0.25,-0.949167,1
-0.25,-0.943542,1
-0.25,-0.938333,1
-0.25,-0.933542,1
-0.25,-0.929167,1
-0.25,-0.925208,1
-0.25,-0.921667,1
-0.25,-0.918542,1
-0.25,-0.915833,1
-0.25,-0.913542,1
-0.25,-0.911667,1
-0.25,-0.910208,1
-0.25,-0.909167,1
-0.25,-0.908542,1
-0.25,-0.908333,1
-0.25,-0.916667,1
-0.25,-0.916667,1
-0.25,-0.916667,1
-0.25,-0.916667,1
-0.25,-0.916667,1
-0.25,-0.916667,1
-0.25,-0.916667,1
-0.25,-0.916667,1
-0.250625,-0.916667,1
-0.251667,-0.916667,1
-0.253125,-0.916667,1
-0.255,-0.916667,1
-0.257292,-0.916667,1
-0.26,-0.916667,1
-0.263125,-0.916667,1
-0.266667,-0.916667,1
-0.270625,-0.916667,1
-0.275,-0.916667,1
-0.279792,-0.916667,1
-0.285,-0.916667,1
-0.290625,-0.916667,1
-0.296667,-0.916667,1
-0.303125,-0.916667,1
-0.31,-0.916667,1
-0.317292,-0.916667,1
-0.325,-0.916667,1
-0.333125,-0.916667,1
-0.341667,-0.916667,1
-0.350625,-0.916667,1
-0.36,-0.916667,1
-0.369792,-0.916667,1
-0.38,-0.916667,1
-0.390625,-0.916667,1
-0.401667,-0.916667,1
-0.413125,-0.916667,1
-0.425,-0.916667,1
-0.437292,-0.916667,1
-0.45,-0.916667,1
-0.463125,-0.916667,1
-0.476667,-0.916667,1
-0.490625,-0.916667,1
-0.505,-0.916667,1
-0.519792,-0.916667,1
-0.535,-0.916667,1
-0.550625,-0.916667,1
-0.566667,-0.916667,1
-0.583125,-0.916667,1
-0.6,-0.916667,1
-0.616458,-0.916667,1
-0.6325,-0.916667,1
-0.648125,-0.916667,1
-0.663333,-0.916667,1
-0.678125,-0.916667,1
-0.6925,-0.916667,1
-0.706458,-0.916667,1
-0.72,-0.916667,1
-0.733125,-0.916667,1
-0.745833,-0.916667,1
-0.758125,-0.916667,1
-0.77,-0.916667,1
-0.781458,-0.916667,1
-0.7925,-0.916667,1
-0.803125,-0.916667,1
-0.813333,-0.916667,1
-0.823125,-0.916667,1
-0.8325,-0.916667,1
-0.841458,-0.916667,1
-0.85,-0.916667,1
-0.858125,-0.916667,1
-0.865833,-0.916667,1
-0.873125,-0.916667,1
-0.88,-0.916667,1
-0.886458,-0.916667,1
-0.8925,-0.916667,1
-0.898125,-0.916667,1
-0.903333,-0.916667,1
-0.908125,-0.916667,1
-0.9125,-0.916667,1
-0.916458,-0.916667,1
-0.92,-0.916667,1
-0.923125,-0.916667,1
-0.925833,-0.916667,1
-0.928125,-0.916667,1
-0.93,-0.916667,1
-0.931458,-0.916667,1
-0.9325,-0.916667,1
-0.933125,-0.916667,1
-0.933333,-0.916667,1
-0.916667,-0.916667,1
-0.916667,-0.916667,1
-0.916667,-0.916667,1
-0.916667,-0.916667,1
-0.916667,-0.916667,1
-0.916667,-0.916667,1
-0.916667,-0.916667,1
-0.916667,-0.916667,1
-0.916667,-0.916042,1
-0.916667,-0.915,1
-0.916667,-0.913542,1
-0.916667,-0.911667,1
-0.916667,-0.909375,1
-0.916667,-0.906667,1
-0.916667,-0.903542,1
-0.916667,-0.9,1
-0.916667,-0.896042,1
-0.916667,-0.891667,1
-0.916667,-0.886875,1
-0.916667,-0.881667,1
-0.916667,-0.876042,1
-0.916667,-0.87,1
-0.916667,-0.863542,1
-0.916667,-0.856667,1
-0.916667,-0.849375,1
-0.916667,-0.841667,1
-0.916667,-0.833542,1
-0.916667,-0.825,1
-0.916667,-0.816042,1
-0.916667,-0.806667,1
-0.916667,-0.796875,1
-0.916667,-0.786667,1
-0.916667,-0.776042,1
-0.916667,-0.765,1
-0.916667,-0.753542,1
-0.916667,-0.741667,1
-0.916667,-0.730208,1
-0.916667,-0.719167,1
-0.916667,-0.708542,1
-0.916667,-0.698333,1
-0.916667,-0.688542,1
-0.916667,-0.679167,1
-0.916667,-0.670208,1
-0.916667,-0.661667,1
-0.916667,-0.653542,1
-0.916667,-0.645833,1
-0.916667,-0.638542,1
-0.916667,-0.631667,1
-0.916667,-0.625208,1
-0.916667,-0.619167,1
-0.916667,-0.613542,1
-0.916667,-0.608333,1
-0.916667,-0.603542,1
-0.916667,-0.599167,1
-0.916667,-0.595208,1
-0.916667,-0.591667,1
-0.916667,-0.588542,1
-0.916667,-0.585833,1
-0.916667,-0.583542,1
-0.916667,-0.581667,1
-0.916667,-0.580208,1
-0.916667,-0.579167,1
-0.916667,-0.578542,1
-0.916667,-0.578333,1
-0.916667,-0.583333,1
-0.916667,-0.583333,1
-0.916667,-0.583333,1
-0.916667,-0.583333,1
-0.916667,-0.583333,1
-0.916667,-0.583333,1
-0.916667,-0.583333,1
-0.916667,-0.583333,1
-0.917292,-0.583333,1
-0.918333,-0.583333,1
-0.919792,-0.583333,1
-0.921667,-0.583333,1
-0.923958,-0.583333,1
-0.926667,-0.583333,1
-0.929792,-0.583333,1
-0.933333,-0.583333,1
-0.937292,-0.583333,1
-0.941667,-0.583333,1
-0.946458,-0.583333,1
-0.951667,-0.583333,1
-0.957292,-0.583333,1
-0.963333,-0.583333,1
-0.969792,-0.583333,1
-0.976667,-0.583333,1
-0.983958,-0.583333,1
-0.991667,-0.583333,1
-0.999792,-0.583333,1
-1.00833,-0.583333,1
-1.01729,-0.583333,1
-1.02667,-0.583333,1
-1.03646,-0.583333,1
-1.04667,-0.583333,1
-1.05729,-0.583333,1
-1.06833,-0.583333,1
-1.07979,-0.583333,1
-1.09167,-0.583333,1
-1.10396,-0.583333,1
-1.11667,-0.583333,1
-1.12979,-0.583333,1
-1.14333,-0.583333,1
-1.15729,-0.583333,1
-1.17167,-0.583333,1
-1.18646,-0.583333,1
-1.20167,-0.583333,1
-1.21729,-0.583333,1
-1.23333,-0.583333,1
-1.24979,-0.583333,1
-1.26667,-0.583333,1
-1.28396,-0.583333,1
-1.30167,-0.583333,1
-1.31979,-0.583333,1
-1.33833,-0.583333,1
-1.35729,-0.583333,1
-1.37667,-0.583333,1
-1.39646,-0.583333,1
-1.41667,-0.583333,1
-1.43646,-0.583333,1
-1.45583,-0.583333,1
-1.47479,-0.583333,1
-1.49333,-0.583333,1
-1.51146,-0.583333,1
-1.52917,-0.583333,1
-1.54646,-0.583333,1
-1.56333,-0.583333,1
-1.57979,-0.583333,1
-1.59583,-0.583333,1
-1.61146,-0.583333,1
-1.62667,-0.583333,1
-1.64146,-0.583333,1
-1.65583,-0.583333,1
-1.66979,-0.583333,1
-1.68333,-0.583333,1
-1.69646,-0.583333,1
-1.70917,-0.583333,1
-1.72146,-0.583333,1
-1.73333,-0.583333,1
-1.74479,-0.583333,1
-1.75583,-0.583333,1
-1.76646,-0.583333,1
-1.77667,-0.583333,1
-1.78646,-0.583333,1
-1.79583,-0.583333,1
-1.80479,-0.583333,1
-1.81333,-0.583333,1
-1.82146,-0.583333,1
-1.82917,-0.583333,1
-1.83646,-0.583333,1
-1.84333,-0.583333,1
-1.84979,-0.583333,1
-1.85583,-0.583333,1
-1.86146,-0.583333,1
-1.86667,-0.583333,1
-1.87146,-0.583333,1
-1.87583,-0.583333,1
-1.87979,-0.583333,1
-1.88333,-0.583333,1
-1.88646,-0.583333,1
-1.88917,-0.583333,1
-1.89146,-0.583333,1
-1.89333,-0.583333,1
-1.89479,-0.583333,1
-1.89583,-0.583333,1
-1.89646,-0.583333,1
-1.89667,-0.583333,1
-1.89646,-0.583333,1
-1.91667,-0.583333,1
-1.91667,-0.583333,1
-1.91667,-0.583333,1
-1.91667,-0.583333,1
-1.91667,-0.583333,1
-1.91667,-0.583333,1
-1.91667,-0.583333,1
-1.91667,-0.583333,1
-1.91667,-0.582708,1
-1.91667,-0.581667,1
-1.91667,-0.580208,1
-1.91667,-0.578333,1
-1.91667,-0.576042,1
-1.91667,-0.573333,1
-1.91667,-0.570208,1
-1.91667,-0.566667,1
-1.91667,-0.562708,1
-1.91667,-0.558333,1
-1.91667,-0.553542,1
-1.91667,-0.548333,1
-1.91667,-0.542708,1
-1.91667,-0.536667,1
-1.91667,-0.530208,1
-1.91667,-0.523333,1
-1.91667,-0.516042,1
-1.91667,-0.508333,1
-1.91667,-0.500208,1
-1.91667,-0.491667,1
-1.91667,-0.482708,1
-1.91667,-0.473333,1
-1.91667,-0.463542,1
-1.91667,-0.453333,1
-1.91667,-0.442708,1
-1.91667,-0.431667,1
-1.91667,-0.420208,1
-1.91667,-0.408333,1
-1.91667,-0.396042,1
-1.91667,-0.383333,1
-1.91667,-0.370208,1
-1.91667,-0.356667,1
-1.91667,-0.342708,1
-1.91667,-0.328333,1
-1.91667,-0.314375,1
-1.91667,-0.300833,1
-1.91667,-0.287708,1
-1.91667,-0.275,1
-1.91667,-0.262708,1
-1.91667,-0.250833,1
-1.91667,-0.239375,1
-1.91667,-0.228333,1
-1.91667,-0.217708,1
-1.91667,-0.2075,1
-1.91667,-0.197708,1
-1.91667,-0.188333,1
-1.91667,-0.179375,1
-1.91667,-0.170833,1
-1.91667,-0.162708,1
-1.91667,-0.155,1
-1.91667,-0.147708,1
-1.91667,-0.140833,1
-1.91667,-0.134375,1
-1.91667,-0.128333,1
-1.91667,-0.122708,1
-1.91667,-0.1175,1
-1.91667,-0.112708,1
-1.91667,-0.108333,1
-1.91667,-0.104375,1
-1.91667,-0.100833,1
-1.91667,-0.0977083,1
-1.91667,-0.095,1
-1.91667,-0.0927083,1
-1.91667,-0.0908333,1
-1.91667,-0.089375,1
-1.91667,-0.0883333,1
-1.91667,-0.0877083,1
-1.91667,-0.0875,1
-1.91667,-0.0877083,1
-1.91667,-0.0833333,1
-1.91667,-0.0833333,1
-1.91667,-0.0833333,1
-1.91667,-0.0833333,1
-1.91667,-0.0833333,1
-1.91667,-0.0833333,1
-1.91667,-0.0833333,1
-1.91667,-0.0833333,1
-1.91604,-0.0833333,1
-1.915,-0.0833333,1
-1.91354,-0.0833333,1
-1.91167,-0.0833333,1
-1.90938,-0.0833333,1
-1.90667,-0.0833333,1
-1.90354,-0.0833333,1
-1.9,-0.0833333,1
-1.89604,-0.0833333,1
-1.89167,-0.0833333,1
-1.88688,-0.0833333,1
-1.88167,-0.0833333,1
-1.87604,-0.0833333,1
-1.87,-0.0833333,1
-1.86354,-0.0833333,1
-1.85667,-0.0833333,1
-1.84937,-0.0833333,1
-1.84167,-0.0833333,1
-1.83354,-0.0833333,1
-1.825,-0.0833333,1
-1.81604,-0.0833333,1
-1.80667,-0.0833333,1
-1.79688,-0.0833333,1
-1.78667,-0.0833333,1
-1.77604,-0.0833333,1
-1.765,-0.0833333,1
-1.75354,-0.0833333,1
-1.74167,-0.0833333,1
-1.72938,-0.0833333,1
-1.71667,-0.0833333,1
-1.70354,-0.0833333,1
-1.69,-0.0833333,1
-1.67604,-0.0833333,1
-1.66167,-0.0833333,1
-1.64687,-0.0833333,1
-1.63167,-0.0833333,1
-1.61604,-0.0833333,1
-1.6,-0.0833333,1
-1.58354,-0.0833333,1
-1.56667,-0.0833333,1
-1.54937,-0.0833333,1
-1.53167,-0.0833333,1
-1.51354,-0.0833333,1
-1.495,-0.0833333,1
-1.47604,-0.0833333,1
-1.45667,-0.0833333,1
-1.43687,-0.0833333,1
-1.41667,-0.0833333,1
-1.39604,-0.0833333,1
-1.375,-0.0833333,1
-1.35354,-0.0833333,1
-1.33167,-0.0833333,1
-1.30937,-0.0833333,1
-1.28667,-0.0833333,1
-1.26354,-0.0833333,1
-1.24,-0.0833333,1
-1.21604,-0.0833333,1
-1.19167,-0.0833333,1
-1.18167,-0.0833333,1
-1.17167,-0.0833333,1
-1.16167,-0.0833333,1
-1.15167,-0.0833333,1
-1.14167,-0.0833333,1
-1.13167,-0.0833333,1
-1.12167,-0.0833333,1
-1.11167,-0.0833333,1
-1.10167,-0.0833333,1
-1.09167,-0.0833333,1
-1.08167,-0.0833333,1
-1.07167,-0.0833333,1
-1.06167,-0.0833333,1
-1.05167,-0.0833333,1
-1.04167,-0.0833333,1
-1.03167,-0.0833333,1
-1.02167,-0.0833333,1
-1.01167,-0.0833333,1
-1.00167,-0.0833333,1
-0.991667,-0.0833333,1
-0.981667,-0.0833333,1
-0.971667,-0.0833333,1
-0.961667,-0.0833333,1
-0.951667,-0.0833333,1
-0.941667,-0.0833333,1
-0.931667,-0.0833333,1
-0.921667,-0.0833333,1
-0.911667,-0.0833333,1
-0.901667,-0.0833333,1
-0.891667,-0.0833333,1
-0.881667,-0.0833333,1
-0.871667,-0.0833333,1
-0.861667,-0.0833333,1
-0.851667,-0.0833333,1
-0.841667,-0.0833333,1
-0.831667,-0.0833333,1
-0.821667,-0.0833333,1
-0.811667,-0.0833333,1
-0.801667,-0.0833333,1
-0.777708,-0.0833333,1
-0.754167,-0.0833333,1
-0.731042,-0.0833333,1
-0.708333,-0.0833333,1
-0.686042,-0.0833333,1
-0.664167,-0.0833333,1
-0.642708,-0.0833333,1
-0.621667,-0.0833333,1
-0.601042,-0.0833333,1
-0.580833,-0.0833333,1
-0.561042,-0.0833333,1
-0.541667,-0.0833333,1
-0.522708,-0.0833333,1
-0.504167,-0.0833333,1
-0.486042,-0.0833333,1
-0.468333,-0.0833333,1
-0.451042,-0.0833333,1
-0.434167,-0.0833333,1
-0.417708,-0.0833333,1
-0.401667,-0.0833333,1
-0.386042,-0.0833333,1
-0.370833,-0.0833333,1
-0.356042,-0.0833333,1
-0.341667,-0.0833333,1
-0.327708,-0.0833333,1
-0.314167,-0.0833333,1
-0.301042,-0.0833333,1
-0.288333,-0.0833333,1
-0.276042,-0.0833333,1
-0.264167,-0.0833333,1
-0.252708,-0.0833333,1
-0.241667,-0.0833333,1
-0.231042,-0.0833333,1
-0.220833,-0.0833333,1
-0.211042,-0.0833333,1
-0.201667,-0.0833333,1
-0.192708,-0.0833333,1
-0.184167,-0.0833333,1
-0.176042,-0.0833333,1
-0.168333,-0.0833333,1
-0.161042,-0.0833333,1
-0.154167,-0.0833333,1
-0.147708,-0.0833333,1
-0.141667,-0.0833333,1
-0.136042,-0.0833333,1
-0.130833,-0.0833333,1
-0.126042,-0.0833333,1
-0.121667,-0.0833333,1
-0.117708,-0.0833333,1
-0.114167,-0.0833333,1
-0.111042,-0.0833333,1
-0.108333,-0.0833333,1
-0.106042,-0.0833333,1
-0.104167,-0.0833333,1
-0.102708,-0.0833333,1
-0.101667,-0.0833333,1
-0.101042,-0.0833333,1
-0.100833,-0.0833333,1
-0.101042,-0.0833333,1
-0.0833333,-0.0833333,1
-0.0833333,-0.0833333,1
-0.0833333,-0.0833333,1
-0.0833333,-0.0833333,1
-0.0833333,-0.0833333,1
-0.0833333,-0.0833333,1
-0.0833333,-0.0833333,1
-0.0833333,-0.0833333,1
-0.0833333,-0.0839583,1
-0.0833333,-0.085,1
-0.0833333,-0.0864583,1
-0.0833333,-0.0883333,1
-0.0833333,-0.090625,1
-0.0833333,-0.0933333,1
-0.0833333,-0.0964583,1
-0.0833333,-0.1,1
-0.0833333,-0.103958,1
-0.0833333,-0.108333,1
-0.0833333,-0.113125,1
-0.0833333,-0.118333,1
-0.0833333,-0.123958,1
-0.0833333,-0.13,1
-0.0833333,-0.136458,1
-0.0833333,-0.143333,1
-0.0833333,-0.150625,1
-0.0833333,-0.158333,1
-0.0833333,-0.166458,1
-0.0833333,-0.175,1
-0.0833333,-0.183958,1
-0.0833333,-0.193333,1
-0.0833333,-0.203125,1
-0.0833333,-0.213333,1
-0.0833333,-0.223958,1
-0.0833333,-0.235,1
-0.0833333,-0.246458,1
-0.0833333,-0.258333,1
-0.0833333,-0.270625,1
-0.0833333,-0.283333,1
-0.0833333,-0.296458,1
-0.0833333,-0.31,1
-0.0833333,-0.323958,1
-0.0833333,-0.338333,1
-0.0833333,-0.352292,1
-0.0833333,-0.365833,1
-0.0833333,-0.378958,1
-0.0833333,-0.391667,1
-0.0833333,-0.403958,1
-0.0833333,-0.415833,1
-0.0833333,-0.427292,1
-0.0833333,-0.438333,1
-0.0833333,-0.448958,1
-0.0833333,-0.459167,1
-0.0833333,-0.468958,1
-0.0833333,-0.478333,1
-0.0833333,-0.487292,1
-0.0833333,-0.495833,1
-0.0833333,-0.503958,1
-0.0833333,-0.511667,1
-0.0833333,-0.518958,1
-0.0833333,-0.525833,1
-0.0833333,-0.532292,1
-0.0833333,-0.538333,1
-0.0833333,-0.543958,1
-0.0833333,-0.549167,1
-0.0833333,-0.553958,1
-0.0833333,-0.558333,1
-0.0833333,-0.562292,1
-0.0833333,-0.565833,1
-0.0833333,-0.568958,1
-0.0833333,-0.571667,1
-0.0833333,-0.573958,1
-0.0833333,-0.575833,1
-0.0833333,-0.577292,1
-0.0833333,-0.578333,1
-0.0833333,-0.578958,1
-0.0833333,-0.579167,1
-0.0833333,-0.578958,1
-0.0833333,-0.583333,1
-0.0833333,-0.583333,1
-0.0833333,-0.583333,1
-0.0833333,-0.583333,1
-0.0833333,-0.583333,1
-0.0833333,-0.583333,1
-0.0833333,-0.583333,1
-0.0833333,-0.583333,1
-0.0839583,-0.583333,1
-0.085,-0.583333,1
-0.0864583,-0.583333,1
-0.0883333,-0.583333,1
-0.090625,-0.583333,1
-0.0933333,-0.583333,1
-0.0964583,-0.583333,1
-0.1,-0.583333,1
-0.103958,-0.583333,1
-0.108333,-0.583333,1
-0.113125,-0.583333,1
-0.118333,-0.583333,1
-0.123958,-0.583333,1
-0.13,-0.583333,1
-0.136458,-0.583333,1
-0.143333,-0.583333,1
-0.150625,-0.583333,1
-0.158333,-0.583333,1
-0.166458,-0.583333,1
-0.175,-0.583333,1
-0.183958,-0.583333,1
-0.193333,-0.583333,1
-0.203125,-0.583333,1
-0.213333,-0.583333,1
-0.223958,-0.583333,1
-0.235,-0.583333,1
-0.246458,-0.583333,1
-0.258333,-0.583333,1
-0.270625,-0.583333,1
-0.283333,-0.583333,1
-0.296458,-0.583333,1
-0.31,-0.583333,1
-0.323958,-0.583333,1
-0.338333,-0.583333,1
-0.352292,-0.583333,1
-0.365833,-0.583333,1
-0.378958,-0.583333,1
-0.391667,-0.583333,1
-0.403958,-0.583333,1
-0.415833,-0.583333,1
-0.427292,-0.583333,1
-0.438333,-0.583333,1
-0.448958,-0.583333,1
-0.459167,-0.583333,1
-0.468958,-0.583333,1
-0.478333,-0.583333,1
-0.487292,-0.583333,1
-0.495833,-0.583333,1
-0.503958,-0.583333,1
-0.511667,-0.583333,1
-0.518958,-0.583333,1
-0.525833,-0.583333,1
-0.532292,-0.583333,1
-0.538333,-0.583333,1
-0.543958,-0.583333,1
-0.549167,-0.583333,1
-0.553958,-0.583333,1
-0.558333,-0.583333,1
-0.562292,-0.583333,1
-0.565833,-0.583333,1
-0.568958,-0.583333,1
-0.571667,-0.583333,1
-0.573958,-0.583333,1
-0.575833,-0.583333,1
-0.577292,-0.583333,1
-0.578333,-0.583333,1
-0.578958,-0.583333,1
-0.579167,-0.583333,1
-0.578958,-0.583333,1
-0.583333,-0.583333,1
-0.583333,-0.583333,1
-0.583333,-0.583333,1
-0.583333,-0.583333,1
-0.583333,-0.583333,1
-0.583333,-0.583333,1
-0.583333,-0.583333,1
-0.583333,-0.583333,1
-0.583333,-0.582708,1
-0.583333,-0.581667,1
-0.583333,-0.580208,1
-0.583333,-0.578333,1
-0.583333,-0.576042,1
-0.583333,-0.573333,1
-0.583333,-0.570208,1
-0.583333,-0.566667,1
-0.583333,-0.562708,1
-0.583333,-0.558333,1
-0.583333,-0.553542,1
-0.583333,-0.548333,1
-0.583333,-0.542708,1
-0.583333,-0.536667,1
-0.583333,-0.530208,1
-0.583333,-0.523333,1
-0.583333,-0.516042,1
-0.583333,-0.508333,1
-0.583333,-0.500208,1
-0.583333,-0.491667,1
-0.583333,-0.483542,1
-0.583333,-0.475833,1
-0.583333,-0.468542,1
-0.583333,-0.461667,1
-0.583333,-0.455208,1
-0.583333,-0.449167,1
-0.583333,-0.443542,1
-0.583333,-0.438333,1
-0.583333,-0.433542,1
-0.583333,-0.429167,1
-0.583333,-0.425208,1
-0.583333,-0.421667,1
-0.583333,-0.418542,1
-0.583333,-0.415833,1
-0.583333,-0.413542,1
-0.583333,-0.411667,1
-0.583333,-0.410208,1
-0.583333,-0.409167,1
-0.583333,-0.408542,1
-0.583333,-0.408333,1
-0.583333,-0.416667,1
-0.583333,-0.416667,1
-0.583333,-0.416667,1
-0.583333,-0.416667,1
-0.583333,-0.416667,1
-0.583333,-0.416667,1
-0.583333,-0.416667,1
-0.583333,-0.416667,1
-0.582708,-0.416667,1
-0.581667,-0.416667,1
-0.580208,-0.416667,1
-0.578333,-0.416667,1
-0.576042,-0.416667,1
-0.573333,-0.416667,1
-0.570208,-0.416667,1
-0.566667,-0.416667,1
-0.562708,-0.416667,1
-0.558333,-0.416667,1
-0.553542,-0.416667,1
-0.548333,-0.416667,1
-0.542708,-0.416667,1
-0.536667,-0.416667,1
-0.530208,-0.416667,1
-0.523333,-0.416667,1
-0.516042,-0.416667,1
-0.508333,-0.416667,1
-0.500208,-0.416667,1
-0.491667,-0.416667,1
-0.483542,-0.416667,1
-0.475833,-0.416667,1
-0.468542,-0.416667,1
-0.461667,-0.416667,1
-0.455208,-0.416667,1
-0.449167,-0.416667,1
-0.443542,-0.416667,1
-0.438333,-0.416667,1
-0.433542,-0.416667,1
-0.429167,-0.416667,1
-0.425208,-0.416667,1
-0.421667,-0.416667,1
-0.418542,-0.416667,1
-0.415833,-0.416667,1
-0.413542,-0.416667,1
-0.411667,-0.416667,1
-0.410208,-0.416667,1
-0.409167,-0.416667,1
-0.408542,-0.416667,1
-0.408333,-0.416667,1
-0.416667,-0.416667,1
-0.416667,-0.416667,1
-0.416667,-0.416667,1
-0.416667,-0.416667,1
